iso3,country_elcano,year,SOFT,log_SOFT,SOFT_SHARE,SOFT_RANK,ECONOMIC,MILITARY,GLOBAL,exports_pct_gdp,gdp_pc_usd,fuel_exp_pct,fuel_imp_pct,fuel_net,energy_imp_net_pct,gov_index,gov_cf,gpr_global,gprc,brent,gscpi,log_gdp_pc,nbrand_res,stock_ret,stock_vol,z_nbrand,z_fuelnet,z_gpr,z_brent,z_gscpi,z_gov,z_lgdp,exp_gpr,exp_brent,exp_gscpi,cush_gpr,cush_brent,cush_gscpi,brand_strong,brand_tercile,panelid
ARG,Argentina,2011,15.10781478881836,2.715212,0.005133,29,25.986682891845703,26.80692481994629,67.90142059326172,18.4492091453155,12704.2831819684,5.97246544174461,12.7181118945673,-6.74564645282269,7.23741684026606,-0.1996019606788954,0,90.0953877766927,0.016001231657962,111.2642741935484,0.3204653871614673,9.449694474010553,0.8191331382857565,-0.358217,0.303879,-0.032858321506015475,-0.42934795206771476,-0.550185459458717,1.3739180489158833,-0.008940045181556087,-0.018665091679433435,0.6543537281242492,0.23622100027603485,-0.5898889006109048,0.003838390090093947,-0.007761825573542523,0.019382759149103118,-0.00012612305564581062,0,3,5
ARG,Argentina,2012,16.67767906188965,2.814071,0.00531,31,26.63214492797852,25.314611434936523,68.62443542480469,16.2378594620246,12949.717486654,6.22846935291873,12.8610259434896,-6.632556590570871,8.11439908863806,-0.2958911284804343,0,81.47523371378581,0.0186437709101786,111.57068273092368,-0.2780538635436023,9.468829251187325,0.8617709322038254,0.147341,0.258335,0.00023215455795170688,-0.42548594091581005,-0.9449780293641127,1.3865963843623275,-0.5444982385711806,-0.16125383996323725,0.672229641546649,0.40207486596875747,-0.5899772672708651,0.23167634536546,9.334351277246868e-05,-0.0001369659116848237,5.378471954618534e-05,0,3,5
ARG,Argentina,2013,16.37934112548828,2.796021,0.004901,33,25.540342330932617,24.505359649658203,66.42504119873047,14.6171733884386,12963.675773326,4.68210789818476,16.1489742219465,-11.46686632376174,13.9862181852131,-0.3217932134866714,0,83.03660519917806,0.0209595949272625,108.555,-0.5207854468038104,9.469906554177475,0.8289003649133224,0.636009,0.303729,-0.025278140890858294,-0.5905772915425475,-0.8734691146977848,1.2618157970124662,-0.7616957440086431,-0.19961065582639193,0.6732360695182799,0.5158510240042845,-0.7451997558252231,0.44984020947611003,-0.013039754863473828,0.01883726441958319,-0.011371124193510317,0,3,5
ARG,Argentina,2014,19.527700424194336,2.971834,0.005702,30,23.856000900268555,23.852237701416016,67.2359390258789,14.4054785893756,12233.1444119186,4.67799000825185,16.5564884173216,-11.87849840906975,14.0678103429199,-0.3755887870211159,0,100.29158528645831,0.0187878124803925,98.9696062992126,-0.6866222838802493,9.411904302087889,1.0398142218260935,0.464586,0.441442,0.13840856267410773,-0.6046344994326891,-0.08321201689985853,0.865198790953089,-0.9100874235702958,-0.2792732354147387,0.6190497454718052,0.05031285618503043,-0.5231290378776888,0.5502702537904115,0.006963730108599153,-0.07240553822573977,0.07616211490944734,0,3,5
ARG,Argentina,2015,18.859729766845703,2.937029,0.005274,31,22.097814559936523,23.528535842895508,64.48607635498047,10.7056520504538,13679.6264980954,2.5385946406222,10.9366808881128,-8.3980862474906,13.5477809878759,-0.3094794722273943,0,105.95364507039388,0.0275296602242936,52.31654901960784,-0.5098499600908116,9.52366288803301,0.8463771372754141,0.308132,0.376618,-0.011714711257644521,-0.4857786593635484,0.17610343346740645,-1.0651753260989296,-0.7519106126182147,-0.18137598838726915,0.7234558113542948,-0.08554728981911455,0.5174394418994686,0.36526212935890073,0.0010021617991049598,-0.0060616536551690026,-0.004278940378791924,0,3,5
ARG,Argentina,2016,19.470441818237305,2.968898,0.005497,32,21.163244247436523,22.14096069335937,62.7746467590332,12.5270951690009,12699.9623137756,2.4962680453126,8.40969351332395,-5.913425468011349,11.9993689573056,-0.0095260515809058,0,98.6786880493164,0.0217185452347621,43.638000000000005,-0.3789014579398476,9.449354305023036,0.8710511984609117,0.370928,0.301025,0.007434413404585442,-0.40092766168807203,-0.15708074831668867,-1.4242696144027738,-0.6347371998057909,0.26280671429826097,0.6540359386191162,0.06297801711882255,0.5710290861158761,0.2544837013045703,0.0004682046146623858,0.004245266292228044,0.0018919370402272154,0,3,5
ARG,Argentina,2017,20.1836166381836,3.004871,0.005527,31,21.304256439208984,22.104028701782227,63.59190368652344,11.3202833596733,14532.5009308511,2.78500093366595,8.1669181849067,-5.381917251240751,13.2189146873857,0.0139318630099296,0,107.37731170654295,0.0167091232724487,54.1248046875,0.2958228956892415,9.584142863628564,0.8372079653831217,0.571986,0.198625,-0.018830751632794487,-0.38277669201117687,0.2413056335524858,-0.9903547217944477,-0.030990276979342878,0.29754410745705967,0.779956851191193,-0.09236617217488176,0.37908470432612806,0.011862355706662994,0.0017393244474971314,-0.007138449914956651,-0.00022337707409203315,0,3,5
ARG,Argentina,2018,22.05360412597656,3.093476,0.005688,30,21.20596504211425,16.718666076660156,59.97823715209961,14.4366857499034,11752.7998922979,4.11930419519493,9.59245223609491,-5.47314804089998,8.60875532272658,0.0099401707605768,0,98.5529073079427,0.0784537434422721,71.335,0.4342439583858455,9.371846779892264,1.021070608866867,0.010553,0.393857,0.12386195932095659,-0.3858922173115479,-0.1628413532628588,-0.2782445725806336,0.09286962256028819,0.2916330541749034,0.5816275799524658,0.06283921088061765,0.10737241506804462,-0.03583766457067616,0.0077833877818560765,0.013299357707351009,-0.004438923351211177,0,3,5
ARG,Argentina,2019,23.13055229187012,3.141154,0.005808,30,18.998729705810547,16.462730407714844,58.59201431274414,17.9248783778462,9955.97478680428,3.59772172153483,8.5363177592406,-4.93859603770577,2.49167707965442,-0.1058833636343479,0,90.94625282287598,0.0389578358347838,64.30062256809337,-0.0488145355872009,9.205928131021867,1.1307909459595886,0.318889,0.659624,0.20901407097273955,-0.3676373025340226,-0.5112168753969966,-0.5693076007278519,-0.3393736745917349,0.12011705535333646,0.4266246042204481,0.18794239308082336,0.20929871064370384,0.12476642227796458,0.03928260468618173,0.04374637556098599,0.026077937841021283,0,3,5
ARG,Argentina,2020,23.37518882751465,3.151675,0.00577,31,18.845304489135746,16.147207260131836,58.36770248413086,16.6054144372484,8535.59938004389,2.67898842404181,6.05806075448223,-3.37907233044042,1.22800616932178,-0.1483230516314508,0,77.29380416870117,0.0154814871881778,41.95725490196079,1.642755080402542,9.052000858895653,1.1810313060458284,0.206461,0.538975,0.2480047710092696,-0.3143796733425816,-1.1364824159371796,-1.4938141849798308,1.1742517709808786,0.05727071316109083,0.2828241008514009,0.35728697068191845,0.46962481550847396,-0.3691608881829166,0.0886088733485648,0.11646919483044957,-0.09155366153938281,0,3,5
ARG,Argentina,2021,21.91121482849121,3.086999,0.005721,28,15.756503105163574,9.632092475891112,47.29980850219727,18.0667091690365,10738.0179223384,2.64279316542856,9.20147449693219,-6.558681331503631,5.96636808897159,-0.2184946049431647,0,82.07023620605469,0.01372220107199,70.85533596837945,3.060949399439848,9.281545800038526,1.1269539298618396,0.48858,0.31155,0.2060362271944334,-0.42296310581205665,-0.9177276390220483,-0.2980917398514034,2.443259553912354,-0.04664205480955086,0.49726743909946386,0.38816493249033157,0.1260818081044692,-1.0334086492277494,0.07997603821948986,0.02597742005969737,-0.2129196192369811,0,3,5
ARG,Argentina,2022,23.33754539489746,3.150063,0.005612,29,15.140050888061523,9.494354248046877,47.97195053100586,16.2816677253254,13962.1894087223,6.17703046770052,15.6887992367548,-9.51176876905428,1.95855821220972,-0.2438177006940046,0,157.58319346110025,0.0394582799635827,100.93130952380952,2.1971575150332874,9.544108198454824,1.0238596069350885,0.883842,0.3142,0.1260264539004902,-0.5238108421986732,2.540673943863645,0.9463686295641772,1.6703340038445316,-0.08414148084286492,0.7425560389460788,-1.3308325582874405,-0.4957181488824159,-0.874939061306886,-0.16772010805628354,-0.06247360043776612,-0.11026546727553044,0,3,5
ARG,Argentina,2023,25.00018882751465,3.218883,0.005786,27,19.338525772094727,9.6505708694458,53.989288330078125,12.8223120961047,14261.8465667948,8.81364245499018,10.5352904820124,-1.7216480270222192,0.41571453028353,-0.2042265484730403,0,121.7112553914388,0.0278704313095659,82.49386454183266,-0.6133767102773175,9.565343178347431,1.0431831822115711,1.526178,0.569191,0.14102315627175768,-0.2577787454098395,0.897782817480094,0.18347829282866657,-0.8445468966342577,-0.025513361323375047,0.7623939842004113,-0.2314293283405296,-0.04729680413531282,0.21770623945415238,-0.03263689433643442,-0.006669944600728935,0.030701621027879628,0,3,5
ARG,Argentina,2024,25.08140754699707,3.222127,0.005721,27,17.695682525634766,8.734589576721191,51.511680603027344,15.2497485928824,13969.7836603737,8.77014211533671,6.21877402105712,2.5513680942795904,,-0.2042265484730403,1,134.45275115966797,0.0412459893462558,80.52185039370079,-0.2885998458276854,9.54465196611633,1.0664587018540843,1.002544,0.409948,0.15908689632094883,-0.11185553369003186,1.481327823992613,0.10188181679925232,-0.5539348393370358,-0.025513361323375047,0.7430640325092747,-0.1656947143225873,-0.011396044991390422,0.06196067708354619,-0.026359857838366682,-0.0018129614280141962,0.009857131811165903,0,3,5
BRA,Brazil,2011,38.98816680908203,3.663258,0.013246,15,84.31580352783203,72.81369018554688,196.1176605224609,11.5825126792652,13396.6263158041,10.5615058710782,19.019982820447,-8.458476949368801,10.7016076437075,0.1167071480304001,0,90.0953877766927,0.0540563131993015,111.2642741935484,0.3204653871614673,9.502758186762945,1.7222993205082509,-0.199791,0.248151,0.6680737903205538,-0.48784099775074735,-0.550185459458717,1.3739180489158833,-0.008940045181556087,0.4497377506276453,0.7039264159203905,0.2684030234902939,-0.6702535518108846,0.0043613205613070825,0.17931302523665726,-0.4477788308341114,0.002913683958195388,1,3,19
BRA,Brazil,2012,37.892356872558594,3.634749,0.012065,16,90.43567657470705,71.93887329101562,200.26690673828125,11.8775390706917,12521.7238454434,11.0241509437928,18.5133577939875,-7.4892068501947,12.1359170291353,0.0687960380067427,0,81.47523371378581,0.0282943473042299,111.57068273092368,-0.2780538635436023,9.435220322511793,1.6819336416272777,0.071361,0.21836,0.6367466645930058,-0.45474048937907036,-0.9449780293641127,1.3865963843623275,-0.5444982385711806,0.378789113692269,0.6408318210403967,0.4297197715255061,-0.6305415183961743,0.24760539547390048,0.27362263122853453,-0.4014952087261734,0.15766190970323826,1,3,19
BRA,Brazil,2013,41.43376159667969,3.724096,0.012398,15,93.96416473388672,71.2588882446289,206.6568145751953,11.7422306467311,12458.8903396625,7.66385116284542,19.5533274344659,-11.88947627162048,15.7799289306747,-0.0006503177185853,0,83.03660519917806,0.0345126166939735,108.555,-0.5207854468038104,9.430189730563564,1.76199144555439,-0.168369,0.204695,0.6988781822243915,-0.6050093926967784,-0.8734691146977848,1.2618157970124662,-0.7616957440086431,0.2759502465399865,0.6361321882566336,0.5284570186226994,-0.7634104090457137,0.46083307950239,0.3693270805587536,-0.5335308789650475,0.3220661849114988,1,3,19
BRA,Brazil,2014,38.77421188354492,3.657755,0.011322,17,87.72463989257812,58.59369659423828,185.0925445556641,11.0119428189165,12274.9941630213,9.34729459467066,20.1329971568129,-10.78570256214224,14.2246121049324,-0.0369305709997812,0,100.29158528645831,0.0392739012216528,98.9696062992126,-0.6866222838802493,9.415319477144996,1.706543362993581,-0.029555,0.25195,0.6558458562016846,-0.5673155951246128,-0.08321201689985853,0.865198790953089,-0.9100874235702958,0.22222503506607025,0.622240238524282,0.04720747488906259,-0.4908407669906472,0.516306788318208,0.030960826787736775,-0.3219158830856726,0.338617667647297,1,3,19
BRA,Brazil,2015,40.4198112487793,3.69932,0.011304,17,85.89068603515625,57.82590866088867,184.13641357421875,12.9001914186486,8936.1955889444,7.36062490155865,15.6211641894135,-8.26053928785485,8.61387332542045,-0.1592247833808263,0,105.95364507039388,0.0362942605279386,52.31654901960784,-0.5098499600908116,9.097865228260668,1.831095540760956,-0.142856,0.232642,0.7525087104067123,-0.48108143998909203,0.17610343346740645,-1.0651753260989296,-0.7519106126182147,0.041127004374728125,0.3256710850816233,-0.08472009335952316,0.5124360797205237,0.36173024026145106,-0.06375260819951103,0.38561261351636256,0.27220515661425476,1,3,19
BRA,Brazil,2016,41.1605224609375,3.71748,0.01162,16,77.85646057128906,55.03166198730469,174.04864501953125,12.4666790428125,8836.28546025694,6.45092898767891,12.3737577498111,-5.922828762132189,2.67300702990516,-0.169299267232418,0,98.6786880493164,0.0410254455637186,43.638000000000005,-0.3789014579398476,9.08662187052076,1.8238565047206368,0.328814,0.265847,0.7468906160634948,-0.40124878354670923,-0.15708074831668867,-1.4242696144027738,-0.6347371998057909,0.026208316480731204,0.31516742007006354,0.06302845918067812,0.5714864502216536,0.25468752929391814,0.04707536470698952,0.4268378668779906,0.1902237256580239,1,3,19
BRA,Brazil,2017,45.309757232666016,3.813522,0.012408,16,77.67923736572266,54.528541564941406,177.5175323486328,12.5189678705014,10080.5078722821,8.70889192124879,14.7169891147575,-6.008097193508709,1.14058560979895,-0.2239631190896031,0,107.37731170654295,0.0386392866106083,54.1248046875,0.2958228956892415,9.21835892451109,1.855732872536686,0.237888,0.192065,0.7716293299906285,-0.4041606947147347,0.2413056335524858,-0.9903547217944477,-0.030990276979342878,-0.05474004345059988,0.4382375844047602,-0.09752625249515186,0.4002624523744618,0.012525051873373268,-0.0752541168693309,0.30885424794611177,0.009664697385148881,1,3,19
BRA,Brazil,2018,46.00657653808594,3.828784,0.011867,17,85.51839447021484,29.01332664489746,160.53829956054688,14.6349994958796,9300.66072904004,12.7686622344956,15.1324917647007,-2.3638295302050985,-0.816754027000633,-0.2799564749002456,0,98.5529073079427,0.0578830905724316,71.335,0.4342439583858455,9.137840722751028,1.8976963441459744,0.140043,0.221878,0.8041964758311565,-0.27970920033706087,-0.1628413532628588,-0.2782445725806336,0.09286962256028819,-0.13765718459471069,0.3630166194416864,0.04554822470295908,0.07782756689465632,-0.025976487861942878,0.03662972178648532,0.0625886550191962,-0.020890199993045276,1,3,19
BRA,Brazil,2019,46.93561553955078,3.848777,0.011786,17,81.23844146728516,38.3258056640625,166.49986267089844,14.1229191909095,9029.83304401079,13.7087051192779,13.881883250891,-0.1731781316131009,-4.05963612353002,-0.2334185168147087,0,90.94625282287598,0.0996052178864677,64.30062256809337,-0.0488145355872009,9.108289157204757,1.897715554281608,0.277228,0.180218,0.8042113844949254,-0.2048986031461372,-0.5112168753969966,-0.5693076007278519,-0.3393736745917349,-0.06874196450704906,0.3354092309510186,0.10474762367357747,0.11665033214961566,0.0695371918684182,0.08423923145708116,0.09381152511983532,0.055922601346389864,1,3,19
BRA,Brazil,2020,47.8905029296875,3.868917,0.011821,17,82.76793670654297,34.558387756347656,165.21682739257812,16.4535520099709,7074.19407495707,11.8904796185398,10.0774648671464,1.8130147513934,-11.1677354621271,-0.2328699765106045,0,77.29380416870117,0.0460371481409917,41.95725490196079,1.642755080402542,8.864208804356167,2.0040965219429285,0.028412,0.454539,0.8867718675917494,-0.13707025044265309,-1.1364824159371796,-1.4938141849798308,1.1742517709808786,-0.06792966466968163,0.10738675567878643,0.15577792937618062,0.2047574844499731,-0.16095498433107794,0.13813948536249135,0.18157317688909125,-0.14273035205347076,1,3,19
BRA,Brazil,2021,47.48146438598633,3.860339,0.012398,17,83.38745880126953,32.54820251464844,163.41712951660156,19.1094303686964,7972.53696080695,13.6578322774084,13.6008473721902,0.0569849052181989,-3.84763107467013,-0.263435107966264,0,82.07023620605469,0.0393815630426009,70.85533596837945,3.060949399439848,8.983758034910712,2.0635359715606727,-0.129428,0.210067,0.9329018265809698,-0.19703855099557913,-0.9177276390220483,-0.2980917398514034,2.443259553912354,-0.11319170125073466,0.21907092505086337,0.1808277242014983,0.058735564484071655,-0.4814163222089953,0.16869451420405762,0.05479451539245478,-0.4491141663346644,1,3,19
BRA,Brazil,2022,49.56071472167969,3.903198,0.011918,17,88.76947021484375,29.120969772338867,167.45115661621094,19.6307650034838,9281.33282136864,16.9977876592036,17.7848730964223,-0.7870854372186997,-7.28721052757992,-0.3004498407244684,0,157.58319346110025,0.0907760147626201,100.93130952380952,2.1971575150332874,9.135760438459762,2.000587936699437,0.048498,0.210908,0.8840489134857926,-0.22586349613721027,2.540673943863645,0.9463686295641772,1.6703340038445316,-0.16800455852799448,0.3610731956149495,-0.5738454995057571,-0.21375012730794551,-0.3772674778251903,-0.5073074903467766,-0.1889655678040391,-0.33352290386488487,1,3,19
BRA,Brazil,2023,49.99709701538086,3.911965,0.011572,17,97.65980529785156,29.363887786865234,177.0207977294922,17.9693243032658,10377.5897719195,16.2396336722963,15.4477629244906,0.7918707478056994,-13.6808969364254,-0.2802337408065795,0,121.7112553914388,0.1055318620055913,82.49386454183266,-0.6133767102773175,9.24740393052042,1.9119893858150825,0.198457,0.172534,0.8152890655214612,-0.17194224914378212,0.897782817480094,0.18347829282866657,-0.8445468966342577,-0.1380677707429616,0.46537173956002026,-0.154366796880169,-0.0315476703380224,0.14521329291469554,-0.1258535615759742,-0.025720470669265402,0.11839080988171634,1,3,19
BRA,Brazil,2024,50.57299041748047,3.923418,0.011536,17,102.5365219116211,23.10346031188965,176.2129669189453,17.9385794398128,10310.5488778166,16.958206628778,13.1951511742727,3.763055454505301,,-0.2802337408065795,1,134.45275115966797,0.0963578236599763,80.52185039370079,-0.2885998458276854,9.240922813015535,1.9357940222774013,-0.109372,0.12886,0.8337634442517826,-0.07047649223896342,1.481327823992613,0.10188181679925232,-0.5539348393370358,-0.1380677707429616,0.45931701029260236,-0.10439878889097597,-0.007180273070943999,0.039039384405428056,-0.08704389380145486,-0.005986649206298593,0.032549611603339024,1,3,19
BRN,Brunei,2011,0.3706220090389251,-0.992573,0.000126,149,3.576469898223877,0.0591709986329078,4.0062642097473145,69.5063427645584,46382.8274255349,95.4421676477545,7.90358958986355,87.53857805789096,-376.268281253854,0.7021069626013426,0,90.0953877766927,,111.2642741935484,0.3204653871614673,10.744684571123353,-3.63471832571466,,,-3.489417672235342,2.790451942093036,-0.550185459458717,1.3739180489158833,-0.008940045181556087,1.3166205860602258,1.864147322530695,-1.5352660838579262,3.8338522878740013,-0.024946766439272672,5.3571846045973945,-13.377911926047439,0.0870496876783256,0,1,20
BRN,Brunei,2012,0.3694649934768677,-0.995699,0.000118,150,4.808473110198975,0.0954570025205612,5.273396015167236,70.1597309927892,46968.5971164922,95.7471803171174,9.63626118317921,86.11091913393818,-378.756554213713,0.6187073290348056,0,81.47523371378581,,111.57068273092368,-0.2780538635436023,10.757234510925263,-3.69116694270944,,,-3.533226496235456,2.741697486338686,-0.9449780293641127,1.3865963843623275,-0.5444982385711806,1.193119161870013,1.8758716104742004,-2.590843887752873,3.8016278215725037,-1.4928494520064481,9.15403827181813,-13.432012148005846,5.274575238719763,0,1,20
BRN,Brunei,2013,0.3997179865837097,-0.916996,0.00012,149,4.575835227966309,0.0944430008530616,5.069997787475586,68.0441177780807,44003.0644273461,96.5248430612585,7.5009256056874,89.0239174555711,-453.069121964239,0.6268166402975723,0,83.03660519917806,,108.555,-0.5207854468038104,10.692014556551271,-3.59319605056916,,,-3.4571929315636307,2.841176182126424,-0.8734691146977848,1.2618157970124662,-0.7616957440086431,1.2051277456889624,1.8149424317839145,-2.4816796445023996,3.5850409887026897,-2.164111805904423,8.57964532537904,-12.394178365508829,7.481752038486174,0,1,20
BRN,Brunei,2014,0.3729389905929565,-0.98634,0.000109,150,4.073853015899658,0.0933070033788681,4.540099143981934,68.1771018484597,41026.5084247957,92.5398767886258,10.153088350171,82.3867884384548,-351.380751451301,0.6162731498479843,0,100.29158528645831,,98.9696062992126,-0.6866222838802493,10.621973683711252,-3.6231482667113823,,,-3.4804383436790305,2.6145186748101925,-0.08321201689985853,0.865198790953089,-0.9100874235702958,1.1895145345659044,1.7495094995187104,-0.21755937215330148,2.2620783963700513,-2.3794405646344323,0.7572019808690864,-7.873024387134299,8.28149617765896,0,1,20
BRN,Brunei,2015,0.4057790040969848,-0.901947,0.000113,150,3.649312973022461,0.0921979993581771,4.147290229797363,52.2130112286937,30625.1287744656,92.979494935208,6.06562107609271,86.91387385911528,-486.235806939218,0.543624117970467,0,105.95364507039388,,52.31654901960784,-0.5098499600908116,10.329576152718698,-3.471852890916022,,,-3.3630205424446267,2.7691183359299907,0.17610343346740645,-1.0651753260989296,-0.7519106126182147,1.0819330198850825,1.4763485998301935,0.4876512466348224,-2.9495965264807533,-2.0821294643814503,-1.639981159981639,9.91955371047809,7.002244160744045,0,1,20
BRN,Brunei,2016,0.4340299963951111,-0.834642,0.000123,150,2.3496251106262207,0.0818099975585937,2.865464925765991,49.5777773794133,26663.2972950602,87.8814732122865,8.5231863804499,79.3582868318366,-405.091784436103,0.4897231260935468,0,98.6786880493164,,43.638000000000005,-0.3789014579398476,10.191043265569652,-3.358908165486808,,,-3.2753660371353606,2.51109554964733,-0.15708074831668867,-1.4242696144027738,-0.6347371998057909,1.0021143327111894,1.3469296954994154,-0.39444476803330925,-3.576477090224724,-1.5938857576279297,1.2919509967420366,11.71427159391476,5.220559277608284,0,1,20
BRN,Brunei,2017,0.4538190066814422,-0.790057,0.000124,150,1.6694890260696411,0.085557997226715,2.208867073059082,49.5733065230099,28024.3824580252,89.5672584666047,8.61282276716103,80.95443569944366,-332.169019646559,0.5520209471384693,0,107.37731170654295,,54.1248046875,0.2958228956892415,10.24083021230151,-3.340189438326268,,,-3.260838747232791,2.565603925588865,0.2413056335524858,-0.9903547217944477,-0.030990276979342878,1.094367371411374,1.3934411934448787,0.6190946807089657,-2.5408579619613034,-0.07950877627328833,-2.018767923061508,8.285328093578359,0.25926529841700174,0,1,20
BRN,Brunei,2018,0.490449994802475,-0.712432,0.000127,147,1.9688730239868164,0.0892539992928505,2.5485780239105225,51.9332397866186,30988.1190267227,95.5632275089728,6.58609922772128,88.97712828125152,-339.578885129588,0.6048410634199765,0,98.5529073079427,,71.335,0.4342439583858455,10.341359152802978,-3.3392838127276434,,,-3.2601359064091837,2.839578334985995,-0.1628413532628588,-0.2782445725806336,0.09286962256028819,1.1725854559243518,1.4873564044895764,-0.46240077876501484,-0.7900972601274054,0.2637105682005209,1.507489382003394,2.5758244472968714,-0.8597322922900861,0,1,20
BRN,Brunei,2019,0.4795610010623932,-0.734884,0.00012,148,2.2170329093933105,0.0883909985423088,2.784985065460205,57.946040538108,30426.5730656528,91.0923897567417,33.688424146061,57.40396561068069,-266.996915982468,0.5673113167285928,0,90.94625282287598,,64.30062256809337,-0.0488145355872009,10.32307161958089,-3.383491319655668,,,-3.294444610388109,1.7613569638861835,-0.5112168753969966,-0.5693076007278519,-0.3393736745917349,1.1170099459649947,1.4702719954281458,-0.9004354035366352,-1.0027539071353369,-0.5977581851017958,2.9664345621839097,3.303517204907629,1.9692812312239887,0,1,20
BRN,Brunei,2020,0.4800609946250915,-0.733842,0.000118,148,2.127742052078247,0.0821719989180564,2.6899750232696533,57.3561114159878,26834.3592233943,81.5128636159474,36.5140211026809,44.998842513266496,-245.563817037269,0.7820637722810115,0,77.29380416870117,,41.95725490196079,1.642755080402542,10.19743840593546,-3.371194973607109,,,-3.284901622648735,1.3377228485993078,-1.1364824159371796,-1.4938141849798308,1.1742517709808786,1.435023742607271,1.3529041040042629,-1.5202984948305072,-1.9983093668092724,1.5708234240493228,4.994030992579162,6.564249681585945,-5.160000414554262,0,1,20
BRN,Brunei,2021,0.4767549932003021,-0.740753,0.000124,150,1.7010380029678345,0.0837280005216598,2.261522054672241,80.1689108084537,31006.9636289785,78.6688728146059,66.4194363796744,12.24943643493151,-228.680231494864,0.7991594771544163,0,82.07023620605469,,70.85533596837945,3.060949399439848,10.34196709143388,-3.3260299306271923,,,-3.249849791014883,0.21933284462925468,-0.9177276390220483,-0.2980917398514034,2.443259553912354,1.4603397279313144,1.4879243472584798,-0.20128781366159565,-0.06538130926209207,0.5358870681272004,0.6541551591619793,0.21247943424168936,-1.7415524763607608,0,1,20
BRN,Brunei,2022,0.4614740014076233,-0.77333,0.000111,150,2.216450929641724,0.0656469985842704,2.743572950363159,86.3893568836847,36632.9280952155,80.2755776083309,67.77687536685,12.4987022414809,-172.552632157863,0.8375499546527871,0,157.58319346110025,,100.93130952380952,2.1971575150332874,10.508702789657384,-3.47623887826948,,,-3.3664244335984543,0.22784525507448694,2.540673943863645,0.9463686295641772,1.6703340038445316,1.5171898415784981,1.6436906192318415,0.5788805028007149,0.21562560179754262,0.38057767716554636,-1.9487574687620852,-0.7258872944006183,-1.2811859912922399,0,1,20
BRN,Brunei,2023,0.5001839995384216,-0.692779,0.000116,149,3.255197048187256,0.0650729984045028,3.820455074310303,76.7032024805205,32890.5491812019,77.4198163214987,63.7579285382583,13.661887783240402,,0.865686039129893,0,121.7112553914388,,82.49386454183266,-0.6133767102773175,10.40094063655668,-3.374880732100003,,,-3.2877620779391994,0.2675679627032799,0.897782817480094,0.18347829282866657,-0.8445468966342577,1.5588548508292452,1.5430180636413848,0.24021791942315937,0.049092913012442126,-0.2259736925398059,-0.7897793659209176,-0.16140581769787507,0.742947736944266,0,1,20
BRN,Brunei,2024,0.5209810137748718,-0.652042,0.000119,150,2.3241469860076904,0.0614730007946491,2.906601905822754,74.2707417079449,33153.4738913513,75.4723137925849,65.9183263853871,9.553987407197797,,0.865686039129893,1,134.45275115966797,,80.52185039370079,-0.2885998458276854,10.408902783226198,-3.3295979958612385,,,-3.2526189065429705,0.12728344252353416,1.481327823992613,0.10188181679925232,-0.5539348393370358,1.5588548508292452,1.5504563861891663,0.1885485049436757,0.01296786837276087,-0.07050673328453873,-0.6132764319802103,-0.042179533846802626,0.22933153371987322,0,1,20
CHL,Chile,2011,5.526977062225342,1.709641,0.001878,54,28.226953506469727,13.905516624450684,47.65945053100586,37.6897802745717,14487.3927832032,1.29992761409464,24.3110431678428,-23.01111555374816,73.8311740907948,1.1432002335786835,0,90.0953877766927,0.0089023225397492,111.2642741935484,0.3204653871614673,9.58103408697891,-0.3261992073967765,-0.165118,0.222332,-0.9217315273506149,-0.9848126224451408,-0.550185459458717,1.3739180489158833,-0.008940045181556087,1.969808673786772,0.7770525988068875,0.5418295851607238,-1.3530518367775624,0.008804269340026295,-0.499421411093944,1.2471505360975375,-0.008115172625988628,0,2,28
CHL,Chile,2012,5.387043952941895,1.683997,0.001715,56,30.76952362060547,21.73933982849121,57.89590835571289,33.8455905043756,15241.9069981119,1.2828817129094,22.498434652957,-21.2155529400476,67.1384298913492,1.1589895039796831,0,81.47523371378581,0.0057894925509269,111.57068273092368,-0.2780538635436023,9.631803952522098,-0.4309023528159061,0.029216,0.094994,-1.0029898807722617,-0.9234942805533314,-0.9449780293641127,1.3865963843623275,-0.5444982385711806,1.9931900400836886,0.8244823500149969,0.8726818053663161,-1.2805138303945383,0.5028410090918486,-0.8752910199164835,1.28434241407465,-0.5043444437564369,0,2,28
CHL,Chile,2013,5.988818168640137,1.789894,0.001792,53,28.09297180175781,23.39919090270996,57.48098373413086,32.087463589174,15683.5486369155,1.3775568746199,21.5030204447373,-20.1254635701174,65.8715584951178,1.1441663602987928,0,83.03660519917806,0.0056393980048596,108.555,-0.5207854468038104,9.66036758442858,-0.3552484439116143,-0.150822,0.145652,-0.9442761521362656,-0.8862678022517764,-0.8734691146977848,1.2618157970124662,-0.7616957440086431,1.971239351845885,0.8511668003366539,0.7741275526180105,-1.118306713264812,0.6750664130270718,-0.7309901866487994,1.0559903601098506,-0.6374491149296344,0,2,28
CHL,Chile,2014,6.545201778411865,1.878732,0.001911,52,28.629602432250977,23.02380752563477,58.198612213134766,33.0039029664774,14529.6767206336,1.27302532739729,21.1961993870791,-19.923174059681813,67.2508288416277,1.1354193886121104,0,100.29158528645831,0.0080318850814364,98.9696062992126,-0.6866222838802493,9.58394850722071,-0.2236635606057351,0.040209,0.113644,-0.8421553332266385,-0.8793596291435983,-0.08321201689985853,0.865198790953089,-0.9100874235702958,1.9582864956466441,0.7797752813569689,0.07317328832135044,-0.7608208879479981,0.8002941392790283,-0.06162327500955577,0.6407293684156333,-0.6739719775438558,0,2,28
CHL,Chile,2015,7.118770122528076,1.962735,0.001991,51,27.808948516845703,22.628984451293945,57.55670547485352,29.1910794903324,13433.9202987032,0.898599873952062,14.4283720201023,-13.529772146150238,68.1847796488233,1.01171710093816,0,105.95364507039388,0.0123359858989715,52.31654901960784,-0.5098499600908116,9.505538153004624,-0.1857931644937274,-0.045353,0.118351,-0.8127647545657127,-0.6610253859407288,0.17610343346740645,-1.0651753260989296,-0.7519106126182147,1.7751033322442318,0.7065234901060138,-0.1164088400732798,0.7041079310290866,0.49703200289888516,0.09461300233143856,-0.5722741097506274,-0.403970093847417,0,2,28
CHL,Chile,2016,8.468649864196777,2.136371,0.002391,50,27.295015335083008,23.10616683959961,58.86983489990234,27.9231581098221,13649.8520452803,0.899956656800068,13.3152843846353,-12.415327727835232,69.1768970395068,0.9298554162184404,0,98.6786880493164,0.0085479792905971,43.638000000000005,-0.3789014579398476,9.521483961380758,-0.0485737071940248,0.120473,0.105549,-0.7062710373717245,-0.6229671843830445,-0.15708074831668867,-1.4242696144027738,-0.6347371998057909,1.6538793625797887,0.7214202347792664,0.0978561514996292,0.8872732314868206,0.39542044618619154,-0.06911296563284774,-0.626655385634359,-0.2792740087259116,0,2,28
CHL,Chile,2017,9.6256685256958,2.264433,0.002636,49,28.44115257263184,16.370391845703125,54.43721389770508,28.3313768341631,14879.9086227187,1.06104376398313,15.4019008479966,-14.34085708401347,68.361001924862,0.9208248257637016,0,107.37731170654295,0.0118158009524146,54.1248046875,0.2958228956892415,9.607767167421905,0.0375509709867429,0.292982,0.142291,-0.6394311204817035,-0.688723881745726,0.2413056335524858,-0.9903547217944477,-0.030990276979342878,1.6405065126673368,0.8020269283795947,-0.1661929526273797,0.6820809482994805,0.02134374385758824,0.10626894591468808,-0.43614378503035967,-0.013647854050132123,0,2,28
CHL,Chile,2018,10.359028816223145,2.337858,0.002672,48,28.882387161254883,15.286307334899902,54.5277214050293,28.5290447397579,15659.4808675628,1.17911727055873,17.0563717475982,-15.877254477039468,67.6635625998358,0.9241340806086864,0,98.5529073079427,0.0189142382781331,71.335,0.4342439583858455,9.658831818775823,0.0635256549880125,-0.08612,0.109759,-0.6192726042867818,-0.7411917488690519,-0.1628413532628588,-0.2782445725806336,0.09286962256028819,1.6454069860733493,0.8497320716438586,0.12069666741310142,0.20623258136436168,-0.06883419796226876,-0.07474413955764686,-0.12771418775029386,0.04262713303608606,0,2,28
CHL,Chile,2019,11.086406707763672,2.40572,0.002784,48,27.878189086914062,15.105390548706056,54.06998825073242,27.8746677570512,14495.716721687,0.996195388244754,16.7233204044936,-15.727125016248843,69.2258871522885,0.81508388898025,0,90.94625282287598,0.0278325548861175,64.30062256809337,-0.0488145355872009,9.581608486265589,0.1451474428714458,-0.00916,0.101876,-0.5559273049627852,-0.7360648379306358,-0.5112168753969966,-0.5693076007278519,-0.3393736745917349,1.4839212169112732,0.7775892087618245,0.37628876653649634,0.4190473068624255,0.24980102878628968,-0.2091891998684051,-0.23295983995594144,-0.13887121271009314,0,2,28
CHL,Chile,2020,11.268115043640137,2.421977,0.002781,48,27.80284118652344,14.813302040100098,53.88425827026367,31.3303902428612,13114.815470545,0.680307468385457,12.9406269554086,-12.260319487023144,66.7182391849769,0.7876628258575993,0,77.29380416870117,0.0087623387419929,41.95725490196079,1.642755080402542,9.48149782209486,0.1712692192773257,,,-0.5356546328220071,-0.617673663436663,-1.1364824159371796,-1.4938141849798308,1.1742517709808786,1.4433150391184746,0.6840647559374009,0.701975257283267,0.922689680130145,-0.7253043931787486,-0.37601629869020237,-0.49424300181876796,0.3885126584123513,0,2,28
CHL,Chile,2021,11.193538665771484,2.415337,0.002923,48,28.27273368835449,20.62553596496582,60.0918083190918,31.9927952679237,16206.8325493421,0.815333310737599,15.1897359873448,-14.374402676607202,68.8632430428331,0.7485902483264603,0,82.07023620605469,0.0072194586197535,70.85533596837945,3.060949399439848,9.693188194608824,0.1832844981694514,,,-0.5263297765842343,-0.6898694614653809,-0.9177276390220483,-0.2980917398514034,2.443259553912354,1.385454845188146,0.881828165276121,0.633112272104036,0.20564438803856608,-1.6855301526776623,-0.3332258407292542,-0.10823676481214006,0.8871447086848243,0,2,28
CHL,Chile,2022,11.904269218444824,2.476897,0.002863,48,28.448543548583984,20.41400146484375,60.76681518554688,35.6066282723137,15405.6165774073,1.69325787359142,22.4295897756234,-20.73633190203197,66.2732116154234,0.7150102679928144,0,157.58319346110025,0.0270718002769475,100.93130952380952,2.1971575150332874,9.642487434728825,0.2484129942307809,,,-0.4757846441568666,-0.9071289144967117,2.540673943863645,0.9463686295641772,1.6703340038445316,1.3357283030184381,0.8344629733174213,-2.3047187967871077,-0.8584783476502927,-1.5152082717544362,1.0965498126109958,0.40845081515316933,0.7209128284002253,0,2,28
CHL,Chile,2023,12.174777030944824,2.499366,0.002818,48,29.9519271850586,20.484037399291992,62.61074066162109,30.8110620735322,17067.0364799154,1.80543071190217,21.006198864515,-19.20076815261283,62.2762043204213,0.7318490321437517,0,121.7112553914388,0.0178022822365164,82.49386454183266,-0.6133767102773175,9.744904190869768,0.178676044696989,,,-0.5299063199582994,-0.8546895162462121,0.897782817480094,0.18347829282866657,-0.8445468966342577,1.3606638005177734,0.9301418019165313,-0.7673255619662229,-0.15681697333941388,0.7218253785315735,0.40661066475145524,0.08309830524928756,-0.38249982999017257,0,2,28
CHL,Chile,2024,12.706130027770996,2.542085,0.002898,48,28.81733131408692,20.376012802124023,61.89947509765625,33.7233211746608,16709.8893972307,1.32012360616343,18.9363062226163,-17.616182616452868,,0.7318490321437517,1,134.45275115966797,0.0147403466592853,80.52185039370079,-0.2885998458276854,9.723756002610664,0.241673538239314,,,-0.48101502281103253,-0.8005760272920048,1.481327823992613,0.10188181679925232,-0.5539348393370358,1.3606638005177734,0.9103849383341701,-1.1859155444491163,-0.08156414014643726,0.4434669530550791,0.5704431926651498,0.039233576733100774,-0.21331426653972796,0,2,28
COL,Colombia,2011,5.915624141693115,1.777597,0.00201,52,20.7106990814209,4.682217121124268,31.30854034423828,19.2765050733171,7400.9940695669,64.8290275394886,7.24675898626163,57.582268553226974,-284.184501762768,-0.2750140757610407,0,90.0953877766927,0.0153893397849363,111.2642741935484,0.3204653871614673,8.90936960389555,0.1774007581600121,,,-0.5308960484303593,1.767445997322247,-0.550185459458717,1.3739180489158833,-0.008940045181556087,-0.13033828753839075,0.1495764574555255,-0.9724230881052107,2.428325956205169,-0.015801047072021346,0.5162555748775035,-1.289188654450198,0.008388713451598232,0,3,30
COL,Colombia,2012,6.907466888427734,1.932603,0.002199,50,26.252649307250977,4.628314018249512,37.78842926025391,18.8112052836654,8108.59838244229,65.7196385483131,9.94630901185362,55.77332953645948,-308.771574616249,-0.3147649214370177,0,81.47523371378581,0.0239180012528474,111.57068273092368,-0.2780538635436023,9.00068030633393,0.2342819825628073,,,-0.4867514850834222,1.7056708521698425,-0.9449780293641127,1.3865963843623275,-0.5444982385711806,-0.18920288734303903,0.23487989194277958,-1.6118214806272646,2.3650770365309137,-0.9287347745886838,0.7845564993846814,-1.1512047598681214,0.4520630307796592,0,3,30
COL,Colombia,2013,7.473780155181885,2.011401,0.002236,49,27.30191421508789,4.574189186096191,39.349884033203125,18.0864397214368,8279.10255642981,66.7714032360418,10.9279304931871,55.84347274285471,-223.803966779921,-0.3016302126149342,0,83.03660519917806,0.016603017419887,108.555,-0.5207854468038104,9.021489854600407,0.2855956015347793,,,-0.44692784684335823,1.7080662379271045,-0.8734691146977848,1.2618157970124662,-0.7616957440086431,-0.16975249917608282,0.25432039442338134,-1.491943104687364,2.155264961360074,-1.30102678391393,0.6667909193907186,-0.9632479285575916,0.5814650992201919,0,3,30
COL,Colombia,2014,9.034838676452637,2.201088,0.002638,46,27.74298095703125,4.777092933654785,41.55491256713867,16.6347491096509,8187.20824890084,65.573054598972,12.0000565449256,53.57299805404641,-237.432787599545,-0.2498635426163668,0,100.29158528645831,0.0204458103980869,98.9696062992126,-0.6866222838802493,9.010328245586576,0.4796613973062007,,,-0.2963166406878825,1.6305296807707275,-0.08321201689985853,0.865198790953089,-0.9100874235702958,-0.09309439893026786,0.2438930999457575,-0.13567966335201473,1.4107323084159598,-1.4839245562275283,0.04020414205413181,-0.418023458539679,0.439711539535598,0,3,30
COL,Colombia,2015,11.442593574523926,2.437343,0.0032,43,26.31172561645508,4.719851016998291,42.47417068481445,15.6502115094968,6248.51490534512,52.7863528817984,9.49861998765518,43.28773289414322,-212.769696143014,-0.2257457446927825,0,105.95364507039388,0.0260670272788653,52.31654901960784,-0.5098499600908116,8.740099099350715,0.7658814013034334,,,-0.07418610059712583,1.2792885707639472,0.17610343346740645,-1.0651753260989296,-0.7519106126182147,-0.05737982484262422,-0.008557857684686226,0.22528710970714227,-1.362666620538121,-0.9619106529585998,-0.01671317218396978,0.10109092299158653,0.07136040046583367,0,3,30
COL,Colombia,2016,12.95598030090332,2.561557,0.003658,41,21.456186294555664,4.662475109100342,39.07464218139648,14.7171392781975,5959.84250367574,47.4972851001361,8.54775944653068,38.94952565360542,-201.141101141046,-0.1856108295420806,0,98.6786880493164,0.0337382474681362,43.638000000000005,-0.3789014579398476,8.692799334152472,0.881611413753594,,,0.01563001921018405,1.131139086728643,-0.15708074831668867,-1.4242696144027738,-0.6347371998057909,0.0020535199922845485,-0.052745804049174255,-0.17768017419359106,-1.6110470308909102,-0.7179760565010186,-0.0027771445359146764,-0.0251806960413349,-0.01122197955556311,0,3,30
COL,Colombia,2017,16.15594482421875,2.782288,0.004424,36,20.20952606201172,3.4423439502716064,39.80781555175781,15.1452897484005,6479.53231292429,54.1370602858504,8.06876984823797,46.06829043761243,-250.107607124827,-0.2244272977113725,0,107.37731170654295,0.0269985199750711,54.1248046875,0.2958228956892415,8.77640361281022,1.0633785618882532,,,0.15669645140231972,1.3742444229293613,0.2413056335524858,-0.9903547217944477,-0.030990276979342878,-0.05542741722450782,0.02535820694721697,0.33161292113093976,-1.360989453147779,-0.04258821530389813,0.05196256798037559,-0.21326221770424067,-0.006673422209678802,0,3,30
COL,Colombia,2018,17.016281127929688,2.834171,0.004389,36,22.03931427001953,3.411679983139038,42.46727752685547,15.8997196775431,6816.96818309544,57.8787906155164,6.89919852787337,50.97959208764303,-228.78509726312,-0.2122319216529528,0,98.5529073079427,0.0278674683067947,71.335,0.4342439583858455,8.827170104063562,1.0675172390025598,,,0.15990840923134367,1.5419650423121207,-0.1628413532628588,-0.2782445725806336,0.09286962256028819,-0.03736802958285306,0.07278480585767458,-0.2510956741741271,-0.42904340413241465,0.14320171148068547,-0.04015230982205645,-0.06860764824601492,0.022899157882082258,0,3,30
COL,Colombia,2019,17.407848358154297,2.856921,0.004371,36,23.235050201416016,3.1993141174316406,43.84221267700195,15.8680386541241,6472.54544924705,54.6948856458005,8.58729345381939,46.10759219198111,-181.414112402675,-0.1831793847183388,0,90.94625282287598,0.0775400714095061,64.30062256809337,-0.0488145355872009,8.77532473350093,1.0832378004451984,,,0.17210887305293243,1.375586575184559,-0.5112168753969966,-0.5693076007278519,-0.3393736745917349,0.005654098145094553,0.02435030636139268,-0.703223070803906,-0.7831318927117642,-0.4668378707394436,-0.12103093022088278,-0.13478394750643172,-0.08034693983139618,0,3,30
COL,Colombia,2020,17.400108337402344,2.856476,0.004295,36,22.452747344970703,3.149394989013672,43.00225067138672,13.5222755593302,5339.68711357943,41.5564453985501,5.05897743681282,36.497467961737286,-192.845620308305,-0.1779839222629865,0,77.29380416870117,0.034693424240686,41.95725490196079,1.642755080402542,8.582922337274953,1.1408662641612493,,,0.21683335628636405,1.0474014822913713,-1.1364824159371796,-1.4938141849798308,1.1742517709808786,0.013347741211893829,-0.15539406930726826,-1.1903533670506807,-1.5646231916157516,1.2299130455086402,-0.2581083157443733,-0.3392624979615263,0.26668617359802205,0,3,30
COL,Colombia,2021,16.27984619140625,2.789928,0.004251,36,18.37384414672852,3.352947950363159,38.00664138793945,16.1970059548864,6222.62164397614,46.303559002575,6.16417052688507,40.13938847568993,-145.26017037422,-0.2571667389323314,0,82.07023620605469,0.0172006611246615,70.85533596837945,3.060949399439848,8.735946583102677,1.126734257714488,,,0.2058657433286916,1.1717728216773584,-0.9177276390220483,-0.2980917398514034,2.443259553912354,-0.10390925635338531,-0.012437182761182908,-1.0753683051081657,-0.34929579912439207,2.862945141578043,-0.22138149548320776,-0.07190803932833231,0.58938232968023,0,3,30
COL,Colombia,2022,17.09756088256836,2.838936,0.004111,37,19.703798294067383,3.795121908187866,40.59648132324219,20.3883679938331,6680.44506854481,54.5165586087032,9.53237755975305,44.98418104895015,-139.124198035696,-0.1828123272086183,0,157.58319346110025,0.0236334858151773,100.93130952380952,2.1971575150332874,8.806939891338876,1.1080124598522425,,,0.19133607030607924,1.3372221605839056,2.540673943863645,0.9463686295641772,1.6703340038445316,0.006197651195289039,0.05388552483431353,3.397445500552576,1.265505103534639,2.23360764551775,0.6500538711548003,0.24213677346260576,0.42736970949898034,0,3,30
COL,Colombia,2023,17.565717697143555,2.865949,0.004066,38,25.162342071533203,3.072390079498291,45.80045318603516,17.8316784070298,7000.83660501046,50.7229439143258,10.3302748297655,40.3926690845603,-141.971675507707,-0.2090678935249646,0,121.7112553914388,0.0335519442645212,82.49386454183266,-0.6133767102773175,8.853784935897595,1.0750606857249254,,,0.16576275159450402,1.1804223373504827,0.897782817480094,0.18347829282866657,-0.8445468966342577,-0.03268261355314497,0.0976486663156078,1.0597628918429545,0.21658187527389092,-0.9969220217271071,0.1756692129896369,0.03590120759089783,-0.16525253744664117,0,3,30
COL,Colombia,2024,17.558732986450195,2.865551,0.004005,40,22.891822814941406,3.0561039447784424,43.50666046142578,16.0992987183311,7919.20886825345,45.3036922636334,9.64688470218008,35.65680756145332,,-0.2090678935249646,1,134.45275115966797,0.0406093540368601,80.52185039370079,-0.2885998458276854,8.977046589447056,1.0168944993169713,,,0.12062095080708107,1.0186929864437773,1.481327823992613,0.10188181679925232,-0.5539348393370358,-0.03268261355314497,0.212801020941757,1.509018264925297,0.10378629221954815,-0.5642895357794989,0.1820192179005411,0.012518801248263458,-0.06806514033620956,0,3,30
EGY,Egypt,2011,11.599739074707031,2.450983,0.003941,42,20.841306686401367,29.67863845825196,62.11968612670898,20.5674276128656,2590.64384891965,29.2504485443273,14.8901167103602,14.360331833967098,-9.09167679579822,-0.73033752044042,0,90.0953877766927,0.4269383251667022,111.2642741935484,0.3204653871614673,7.859661714116598,1.441425883113579,,,0.4500926308128173,0.29141977982621214,-0.550185459458717,1.3739180489158833,-0.008940045181556087,-0.804598970473329,-0.8310718763686575,-0.16033492545904268,0.4003868953143257,-0.0026053059984454635,-0.07216556841103748,0.18021119105500094,-0.0011726290309127323,1,3,42
EGY,Egypt,2012,11.308892250061035,2.425589,0.003601,45,18.16513633728028,25.44948005676269,54.92351150512695,16.3969666208873,2996.0677072015,30.1290625343441,18.6900763693542,11.438986164989904,-3.82393802190275,-0.7308212170998255,0,81.47523371378581,0.2640106001247962,111.57068273092368,-0.2780538635436023,8.005055943581185,1.286666254117319,,,0.32998628082647347,0.19165602269088242,-0.9449780293641127,1.3865963843623275,-0.5444982385711806,-0.805315247317219,-0.6952430326870851,-0.18111073063819372,0.26574954810444174,-0.1043563667667437,-0.059764056421062785,0.08769370501030073,-0.03443616934992115,1,3,42
EGY,Egypt,2013,11.592406272888184,2.45035,0.003469,45,18.486173629760746,25.125566482543945,55.20414733886719,17.0178456245969,3025.52563552448,26.0844601901547,13.9359908409495,12.1484693492052,0.751073873510622,-0.8968014319737757,0,83.03660519917806,0.2282353738943735,108.555,-0.5207854468038104,8.014840119179505,1.2990758548333203,,,0.3396171636119501,0.21588482547629073,-0.8734691146977848,1.2618157970124662,-0.7616957440086431,-1.0511052112260681,-0.6861025512333772,-0.18856872738546143,0.27240688312126293,-0.16443855276133934,-0.06404117634056547,0.09251405299401533,-0.05584615487726007,1,3,42
EGY,Egypt,2014,10.603252410888672,2.361161,0.003096,44,16.066505432128906,21.405128479003903,48.07488632202149,14.2441314553991,3133.39102265541,23.3551757931695,13.7497269031516,9.6054488900179,8.09014484118877,-0.9148456851641324,0,100.29158528645831,0.2289444704850514,98.9696062992126,-0.6866222838802493,8.049871090906265,1.192876473177785,,,0.2571976063657817,0.1290408486834448,-0.08321201689985853,0.865198790953089,-0.9100874235702958,-1.07782584382549,-0.6533762429045681,-0.010737749281418895,0.11164598626447694,-0.11743845351364067,-0.002761723412936832,0.028715080427570414,-0.030204889139007506,1,3,42
EGY,Egypt,2015,11.103432655334473,2.407254,0.003105,44,16.607450485229492,20.6917724609375,48.40265655517578,13.1838454928598,3306.98159414141,17.8713832773737,15.6945972404555,2.176786036918198,12.8611145617055,-0.8964738448460903,0,105.95364507039388,0.2416614703834056,52.31654901960784,-0.5098499600908116,8.103791147239486,1.114041494265586,,,0.19601510269989725,-0.12464748563009027,0.17610343346740645,-1.0651753260989296,-0.7519106126182147,-1.0506201074542,-0.603003549779423,-0.021950850192538104,0.13277142615344306,0.09372376728144129,-0.004302698154840415,0.026025204733078965,0.018371273869092982,1,3,42
EGY,Egypt,2016,11.421856880187988,2.435529,0.003225,45,14.609390258789062,21.28954124450684,47.3207893371582,10.3454639403558,3270.6287768197,13.7657934284608,15.1702855048148,-1.404492076354,19.0539897872735,-0.856994067629179,0,98.6786880493164,0.1480358550325036,43.638000000000005,-0.3789014579398476,8.092737531895827,1.1142767356629055,,,0.19619766959916532,-0.24694789113179488,-0.15708074831668867,-1.4242696144027738,-0.6347371998057909,-0.9921569163766172,-0.6133299554157333,0.0387907595342105,0.35172037767985964,0.15674701291494078,0.007610656622593704,0.06900671845132675,0.03075339865054165,1,3,42
EGY,Egypt,2017,11.494854927062988,2.4419,0.003148,46,12.09767246246338,37.799930572509766,61.392459869384766,15.0140868185672,2395.10333299491,19.3528393471568,17.3208889263006,2.031950420856198,14.1299520398099,-0.8281624615192417,0,107.37731170654295,0.1929881628602743,54.1248046875,0.2958228956892415,7.781181654214873,1.291784289419117,,,0.33395830210351496,-0.12959361212884665,0.2413056335524858,-0.9903547217944477,-0.030990276979342878,-0.9494619516148393,-0.9043887874164114,-0.03127166867910645,0.1283436456862015,0.004016141934626486,-0.010443433376018057,0.04286142599913896,0.0013412239414945873,1,3,42
EGY,Egypt,2018,12.09088897705078,2.492452,0.003119,46,14.85956859588623,38.19531631469727,65.1457748413086,17.984655608418,2484.70315630508,24.5436332078061,17.1786739821232,7.364959225682899,4.99573458891528,-0.7645173519849786,0,98.5529073079427,0.1055765825634201,71.335,0.4342439583858455,7.81790847719232,1.2995444801586358,,,0.3399808558597272,0.052528278086076574,-0.1628413532628588,-0.2782445725806336,0.09286962256028819,-0.8552137956687753,-0.8700781967176274,-0.00855377588810448,-0.01461570828445704,0.004878281359595789,-0.002908120047270059,-0.00496906101154581,0.00165852227175993,1,3,42
EGY,Egypt,2019,13.26630401611328,2.585227,0.003331,45,16.532501220703125,38.3686752319336,68.16748809814453,16.6440314510365,2962.98892023003,26.465801966271,13.9684984857126,12.4973034805584,-0.531033982389457,-0.7609893033901853,0,90.94625282287598,0.1191750839352607,64.30062256809337,-0.0488145355872009,7.993953808190951,1.2634332784371565,,,0.31195555843224193,0.2277974874835289,-0.5112168753969966,-0.5693076007278519,-0.3393736745917349,-0.849989323960256,-0.7056147662696691,-0.11645391977461608,-0.12968684105108072,-0.07730847039004994,-0.03632844757491386,-0.040456530921403284,-0.02411680705207047,1,3,42
EGY,Egypt,2020,13.370158195495604,2.593025,0.0033,46,17.214229583740234,37.29477310180664,67.87916564941406,12.4727757370868,3511.11381026379,20.6229583667758,9.8589254351278,10.764032931648002,-0.0682943718058065,-0.801490748922031,0,77.29380416870117,0.117057797499001,41.95725490196079,1.642755080402542,8.163688590984505,1.1359273501056049,,,0.213000348001406,0.1686064153938444,-1.1364824159371796,-1.4938141849798308,1.1742517709808786,-0.9099654412528413,-0.5470467174255674,-0.19161822630930397,-0.25186665499392646,0.19798638187495948,-0.04081474888729392,-0.053647685163656395,0.042171168238905626,1,3,42
EGY,Egypt,2021,12.216300010681152,2.502771,0.00319,47,12.96867847442627,34.18919372558594,59.37417221069336,10.5611502153652,3827.35415374308,31.6971100561669,12.0821091359056,19.6150009202613,1.63521037235887,-0.7470301340023678,0,82.07023620605469,0.1045291616270939,70.85533596837945,3.060949399439848,8.249929021970582,1.1273375983800558,,,0.2063339858904608,0.470866373948406,-0.9177276390220483,-0.2980917398514034,2.443259553912354,-0.829318042490746,-0.4664799847390244,-0.4321270856585436,-0.14036137664780188,1.1504487667655101,-0.08916250399515588,-0.02896132230881321,0.2373766796094928,1,3,42
EGY,Egypt,2022,15.04038143157959,2.710739,0.003617,44,17.16031265258789,37.66445159912109,69.86515045166016,15.0870258208479,4233.30783744856,35.9532117277136,15.4996428099948,20.4535689177188,9.78510684497825,-0.755978226661682,0,157.58319346110025,0.1361967067544659,100.93130952380952,2.1971575150332874,8.35073896111049,1.2557280889461224,,,0.3059756902216274,0.4995034143809065,2.540673943863645,0.9463686295641772,1.6703340038445316,-0.8425687264560374,-0.37230226176193343,1.2690753097884944,0.4727143617302858,0.8343375380768737,0.3883061938557602,0.14463910310810024,0.2552870040908848,1,3,42
EGY,Egypt,2023,17.282434463500977,2.849691,0.004,39,21.531322479248047,36.10874557495117,74.92250061035156,19.1060913405676,3456.78968456253,18.1531616111814,14.9839933486814,3.1691682624999995,20.2563785795628,-0.68051602691412,0,121.7112553914388,0.4138090098276734,82.49386454183266,-0.6133767102773175,8.1480956005131,1.4643419841360334,,,0.4678774321048379,-0.09075769970379026,0.897782817480094,0.18347829282866657,-0.8445468966342577,-0.7308213632747007,-0.5616138558399876,-0.08148070334808112,-0.016652067802708215,0.07664913363049995,-0.03812298224859626,-0.007791126722766771,0.035862399816098886,1,3,42
EGY,Egypt,2024,18.12296295166016,2.89718,0.004134,39,18.614933013916016,39.04151153564453,75.77940368652344,16.3762422101126,3338.47371395895,12.4540426829027,17.9457381562454,-5.491695473342702,,-0.68051602691412,1,134.45275115966797,0.5619860403239727,80.52185039370079,-0.2885998458276854,8.113269009658705,1.5395020064438203,,,0.5262078636445685,-0.3865256108758046,1.481327823992613,0.10188181679925232,-0.5539348393370358,-0.7308213632747007,-0.5941492293726485,-0.5725711420760712,-0.03937993147546782,0.21411000216013845,-0.30129143745638015,-0.02072202961217542,0.1126663668216204,1,3,42
IDN,Indonesia,2011,12.08616065979004,2.492061,0.004106,39,53.41373443603516,56.28034591674805,121.78024291992188,26.3273530888836,3579.46442466152,33.8640790574272,23.0309509787831,10.833128078644098,-131.576603738043,-0.4609900678818424,0,90.0953877766927,0.034250598711272,111.2642741935484,0.3204653871614673,8.182968466153389,1.2939758840874127,0.03149,0.235456,0.33565916193347034,0.17096600999346667,-0.550185459458717,1.3739180489158833,-0.008940045181556087,-0.4057387768436878,-0.529035251907588,-0.09406301276007906,0.23489328688115713,-0.0015284438538519616,-0.03157311203198546,0.07884408381832743,-0.000513036183046313,1,3,61
IDN,Indonesia,2012,15.546178817749023,2.743815,0.00495,34,63.22587203979492,63.99189758300781,142.76394653320312,24.5943787881769,3632.27254030331,33.3477843794198,22.3110297633369,11.0367546160829,-130.298256846713,-0.3917762661973635,0,81.47523371378581,0.0213128506826857,111.57068273092368,-0.2780538635436023,8.197613775535693,1.483457938805591,0.121716,0.135729,0.4827130036085694,0.1779198424834319,-0.9449780293641127,1.3865963843623275,-0.5444982385711806,-0.30324428476858295,-0.5153534472989547,-0.16813034213476682,0.2467030102938415,-0.09687704083909059,-0.08115870244960971,0.11908675109821605,-0.04676380736414746,1,3,61
IDN,Indonesia,2013,15.628053665161133,2.749068,0.004676,36,60.324703216552734,61.92250442504883,137.87525939941406,23.9235763793605,3566.60284506078,31.4408284894275,24.4088772176091,7.0319512718184,-134.045158259873,-0.3407596995433173,0,83.03660519917806,0.0158325436059385,108.555,-0.5207854468038104,8.179368837713598,1.4803933440561747,-0.009897,0.213435,0.4803346230714294,0.04115607897035108,-0.8734691146977848,1.2618157970124662,-0.7616957440086431,-0.22769696675737222,-0.5323980632822933,-0.03594856386266468,0.05193139058788155,-0.03134841019180004,-0.017267339872932247,0.024944444923605258,-0.015057726793366828,1,3,61
IDN,Indonesia,2014,15.990220069885254,2.771977,0.004669,34,56.937896728515625,60.68121719360352,133.6093292236328,23.6659845969367,3441.06808464008,29.0428546208956,24.6787466593348,4.364107961560801,-122.689418915783,-0.2078256551176311,0,100.29158528645831,0.0316599870566278,98.9696062992126,-0.6866222838802493,8.143537191896439,1.5168567226790908,0.201236,0.135151,0.5086332390798353,-0.04995058974949185,-0.08321201689985853,0.865198790953089,-0.9100874235702958,-0.030843058558373063,-0.5658723699069442,0.004156489318392616,-0.04321718985865411,0.04545940353093186,0.002114128625214773,-0.021981699261735446,0.023122163664575174,1,3,61
IDN,Indonesia,2015,18.677366256713867,2.927312,0.005223,32,54.47151947021485,59.99429702758789,133.1431884765625,21.1601792598059,3288.22269725538,23.0427750818147,17.5540346601814,5.488740421633299,-109.271486079706,-0.3104597777128219,0,105.95364507039388,0.0193674179414908,52.31654901960784,-0.5098499600908116,8.09810248419129,1.6071582294540354,-0.129292,0.173842,0.5787147225219273,-0.011544467254421608,0.17610343346740645,-1.0651753260989296,-0.7519106126182147,-0.18282766291405464,-0.6083179596206928,-0.002033020321055688,0.012296881672366951,0.00868040744562307,-0.0011765387909811822,0.007116386464908814,0.005023479586271027,1,3,61
IDN,Indonesia,2016,19.970420837402344,2.994252,0.005638,30,49.58101272583008,61.626461029052734,131.17788696289062,19.0889938536664,3521.46943457574,19.2890340293455,14.196669725848,5.092364303497501,-106.48517951201,-0.1826785219212371,0,98.6786880493164,0.0375975945498794,43.638000000000005,-0.3789014579398476,8.16663363448735,1.5985238609495462,0.14259,0.139919,0.5720137340778655,-0.02508068489681702,-0.15708074831668867,-1.4242696144027738,-0.6347371998057909,0.006395795273974673,-0.5442954262976003,0.003939692751887089,0.03572165740694705,0.015919643700617027,0.0022535583621264353,0.020433278640798025,0.009106254838379114,1,3,61
IDN,Indonesia,2017,16.54105567932129,2.805846,0.00453,35,51.42732238769531,62.56492614746094,130.53330993652344,20.1773044351106,3798.88326174526,21.8451876585303,16.241743460686,5.603444197844301,-100.401414525223,-0.1703252481917539,0,107.37731170654295,0.0361923112068325,54.1248046875,0.2958228956892415,8.242462424035642,1.372735371759857,0.182259,0.083269,0.396783078115515,-0.007627341049898868,0.2413056335524858,-0.9903547217944477,-0.030990276979342878,0.0246890039340048,-0.47345536036068964,-0.0018405203643667286,0.007553773223503964,0.00023637341175227784,-0.0007302873355077198,0.002997209391008459,9.378896989973484e-05,1,3,61
IDN,Indonesia,2018,18.487058639526367,2.917071,0.004768,33,55.51116180419922,62.37700653076172,136.37522888183594,21.0027464972455,3860.95353090726,23.3100286060793,16.7375057190953,6.572522886984,-98.0132758893818,-0.1473775515332817,0,98.5529073079427,0.0319729273129875,71.335,0.4342439583858455,8.258669460684754,1.4543430620024478,-0.025683,0.161751,0.46011743649712256,0.025466630682041153,-0.1628413532628588,-0.2782445725806336,0.09286962256028819,0.05867084651542636,-0.45831457344183946,-0.004147020603309022,-0.0070859517691933905,0.0023650763793234167,-0.0019081164890952977,-0.003260369963183513,0.0010882128807741867,1,3,61
IDN,Indonesia,2019,24.007568359375,3.178369,0.006028,28,58.43722152709961,61.69763946533203,144.14242553710938,18.5915277970883,4106.94856160358,20.3380217373565,13.7156912647506,6.622330472605899,-99.1816488656438,-0.1707096351310608,0,90.94625282287598,0.0361500372334072,64.30062256809337,-0.0488145355872009,8.320435589311186,1.6498931361763665,0.016815,0.11296,0.6118805662029696,0.027167556364423678,-0.5112168753969966,-0.5693076007278519,-0.3393736745917349,0.0241197887898322,-0.400611995692294,-0.01388851327679246,-0.015466696331468728,-0.009219953433072537,-0.008498111367521231,-0.009463770908588479,-0.005641510326993437,1,3,61
IDN,Indonesia,2020,25.806087493896484,3.25061,0.00637,27,55.60210037231445,65.7660140991211,147.1741943359375,17.3311682848923,3853.70288774146,15.6268808662289,11.149188973912,4.4776918923169,-86.9479731245526,-0.1083924149473509,0,77.29380416870117,0.023627788061276,41.95725490196079,1.642755080402542,8.256789754082872,1.7076949928886582,-0.052211,0.268479,0.6567396168298923,-0.04607170619156122,-1.1364824159371796,-1.4938141849798308,1.1742517709808786,0.11640155448995468,-0.4600706154466316,0.052359683958933416,0.06882256823517725,-0.05409978258755148,0.03438667878052419,0.04519850709201943,-0.03552947048712904,1,3,61
IDN,Indonesia,2021,21.35263061523437,3.061175,0.005575,30,49.04133987426758,61.389678955078125,131.7836456298828,21.4165556390653,4287.17313995098,19.4540368706185,14.6998679392045,4.754168931413998,-84.9370547688609,-0.075234030683835,0,82.07023620605469,0.023597480651612,70.85533596837945,3.060949399439848,8.363382852988169,1.5900156911591008,0.095994,0.13658,0.565410686337171,-0.03663003399409237,-0.9177276390220483,-0.2980917398514034,2.443259553912354,0.16550378078599032,-0.36049020278473626,0.03361639461469576,0.010919110564115046,-0.0894966805162005,0.019007068751276307,0.006173781798247742,-0.05060237955556344,1,3,61
IDN,Indonesia,2022,21.40629768371582,3.063685,0.005148,31,56.41891860961914,60.36231231689453,138.18753051757812,24.5029116862832,4730.83484836107,24.2968093578513,18.8732789978409,5.4235303600104,-82.9192756077432,-0.065213844180107,0,157.58319346110025,0.0934870935355623,100.93130952380952,2.1971575150332874,8.461856966622147,1.5132390270226417,0.040079,0.130491,0.5058256062141088,-0.013771386451150733,2.540673943863645,0.9463686295641772,1.6703340038445316,0.18034206305343767,-0.26849463296929993,-0.0349886027273155,-0.013032808122974197,-0.02300281506944094,-0.017698131185128984,-0.006592328069475584,-0.011635412877131,1,3,61
IDN,Indonesia,2023,21.81144905090332,3.082435,0.005048,32,70.58064270019531,46.70010757446289,139.09219360351562,21.7538472039177,4876.30774512252,22.988404985231,17.9877850983913,5.000619886839701,-89.548816280588,-0.004027336835861,0,121.7112553914388,0.0801629905278484,82.49386454183266,-0.6133767102773175,8.492143602867646,1.4764944938095124,0.059802,0.097229,0.47730879084821254,-0.028213750524472024,0.897782817480094,0.18347829282866657,-0.8445468966342577,0.2709494251614563,-0.240200533572236,-0.025329820437540975,-0.005176610780524023,0.02382783544785601,-0.012090145965445024,-0.002470841832343743,0.01137323532614633,1,3,61
IDN,Indonesia,2024,21.576499938964844,3.071605,0.004922,32,64.51721954345703,48.51744842529297,134.61117553710938,22.18331286866,4925.43048751861,20.8482942182543,17.3140307897375,3.534263428516798,,-0.004027336835861,1,134.45275115966797,0.0541130780863265,80.52185039370079,-0.2885998458276854,8.502166958419497,1.46909624427047,-0.02688,0.131057,0.4715671335814844,-0.07828972446190965,1.481327823992613,0.10188181679925232,-0.5539348393370358,0.2709494251614563,-0.23083660764869138,-0.11597274717814188,-0.007976299364892222,0.043367405941548726,-0.054688935960366544,-0.0037613606280900392,0.020450643310720766,1,3,61
IND,India,2011,69.49598693847656,4.241269,0.02361,9,133.01206970214844,103.00674438476562,305.5148010253906,24.5404113195713,1445.46127486037,18.7585466086377,34.0280333813825,-15.269486772744798,31.1609590704357,-0.3097851052880284,0,90.0953877766927,0.1728086626778046,111.2642741935484,0.3204653871614673,7.276183770962893,3.5255133265341807,-0.282941,0.210357,2.0675179083551183,-0.7204365228477578,-0.550185459458717,1.3739180489158833,-0.008940045181556087,-0.1818285817219606,-1.3761632092511158,0.3963736993338341,-0.9898207418387346,0.006440735064702119,0.8195097217736692,-2.046472109812932,0.013316335089242393,1,3,60
IND,India,2012,89.15090942382812,4.490331,0.028385,7,149.5335235595703,97.26870727539062,335.9531555175781,24.534430661418,1429.32199520032,18.7788936146643,37.9725042283446,-19.193610613680296,32.8228389038316,-0.3506128750741486,0,81.47523371378581,0.1614477230856816,111.57068273092368,-0.2780538635436023,7.264955481588603,3.7319231797489576,0.228722,0.149129,2.227709130262499,-0.8544450867754599,-0.9449780293641127,1.3865963843623275,-0.5444982385711806,-0.24228793267430257,-1.386652797234409,0.8074318343009224,-1.1847704679590079,0.4652438447050375,1.7987232693367619,-2.6393239887376554,1.0364279606478402,1,3,60
IND,India,2013,99.4031753540039,4.599184,0.029744,7,150.71885681152344,101.67822265625,351.8002624511719,25.430861300519,1432.84397512195,20.6668895706043,39.5180997115685,-18.8512101409642,34.024000893281,-0.3325134348124269,0,83.03660519917806,0.1214172542095184,108.555,-0.5207854468038104,7.267416542013342,3.822953993178501,0.085968,0.174918,2.2983566163557523,-0.8427521337758136,-0.8734691146977848,1.2618157970124662,-0.7616957440086431,-0.21548557691113296,-1.3843536482726262,0.736117960198829,-1.0633979553642847,0.6419207135512399,1.691861584241279,-2.4440677265306827,1.475362719166298,1,3,60
IND,India,2014,83.93722534179688,4.430069,0.02451,9,159.3292999267578,102.24610137939452,345.5126342773437,22.9679630081172,1553.88396075118,19.6340746160473,38.5148387122449,-18.8807640961976,36.5423025911346,-0.3015680015087127,0,100.29158528645831,0.1413507138689359,98.9696062992126,-0.6866222838802493,7.348512856808263,3.609423217144397,0.261548,0.126779,2.1326389657931015,-0.8437613993494167,-0.08321201689985853,0.865198790953089,-0.9100874235702958,-0.169660374548069,-1.3085926039313591,0.07021108782211195,-0.730021342570002,0.7678966380419782,0.14973490172015747,-1.5568719610253805,1.637646291989844,1,3,60
IND,India,2015,92.92790222167967,4.531824,0.025988,7,156.7244110107422,124.16085815429688,373.8131713867188,19.8131891564045,1583.99815907985,11.8719127202525,26.777350937984,-14.9054382177315,37.2827822095164,-0.2248468659818173,0,105.95364507039388,0.1488613989204168,52.31654901960784,-0.5098499600908116,7.367707410176631,3.6020290693216874,-0.051558,0.163567,2.12690049179956,-0.708004289300904,0.17610343346740645,-1.0651753260989296,-0.7519106126182147,-0.056048730253462783,-1.2906608469516598,-0.12468198625554013,0.7541486997355313,0.5323559389045665,-0.2651861778854543,1.6039992403575005,1.132268108268539,1,3,60
IND,India,2016,86.06656646728516,4.455121,0.024298,9,150.00521850585938,125.25164031982422,361.3234252929688,19.1582349105946,1707.50892912243,10.6421920620902,25.0353799489221,-14.3931878868319,37.3874186548518,-0.1938412773112456,0,98.6786880493164,0.1513726425667604,43.638000000000005,-0.3789014579398476,7.44279082078555,3.45116737687277,0.019298,0.149056,2.0098192649297304,-0.6905109751248201,-0.15708074831668867,-1.4242696144027738,-0.6347371998057909,-0.010134447481266557,-1.2205171219893,0.10846598069349313,0.9834738002819108,0.43829300278589445,0.21799701758727869,1.9766045903602385,0.8808897206829907,1,3,60
IND,India,2017,100.35650634765624,4.608729,0.027482,7,149.71438598632812,106.03731536865234,356.10821533203125,18.7917648392982,1950.10468280866,12.1859467424678,27.722837394409,-15.5368906519412,37.4713105330607,-0.1540576675906777,0,107.37731170654295,0.1589964268108209,54.1248046875,0.2958228956892415,7.575638333608506,3.53517198285207,0.246125,0.089178,2.0750138293755946,-0.7295683472478929,0.2413056335524858,-0.9903547217944477,-0.030990276979342878,0.04877867059613865,-1.0964095551404391,-0.17604895225249276,0.722531457568722,0.022609525156573607,-0.3653040105710062,1.4992627666140037,0.04691507737550564,1,3,60
IND,India,2018,109.79923248291016,4.698654,0.028321,7,159.62452697753906,103.28524017333984,372.7090148925781,19.9278285988562,1966.25455171679,15.06745126951,33.2499008636957,-18.18244959418569,37.5843467719926,-0.1385907798345822,0,98.5529073079427,0.1607578191906213,71.335,0.4342439583858455,7.583885769292524,3.600164628451256,0.057385,0.126007,2.1254535305399265,-0.8199140063063382,-0.1628413532628588,-0.2782445725806336,0.09286962256028819,0.07168264012190395,-1.0887047125450786,0.13351590634609625,0.228136622237582,-0.07614510429756337,0.28378185452654847,0.48489378918032217,-0.161842880762587,1,3,60
IND,India,2019,133.80323791503906,4.89637,0.033599,7,166.8900146484375,102.18482971191406,402.8780822753906,18.664264897257,2041.42863698585,13.7763501701928,31.880343122832,-18.1039929526392,39.2996982985914,-0.1530654206871986,0,90.94625282287598,0.2163872787108024,64.30062256809337,-0.0488145355872009,7.621405153982032,3.744783239962473,0.134327,0.138234,2.237689607101761,-0.8172347173005841,-0.5112168753969966,-0.5693076007278519,-0.3393736745917349,0.05024802843966239,-1.053653702221033,0.4177841786443524,0.46525793613789984,0.27734794901423687,0.9348713145640128,1.0411028483173932,0.6206186230601469,1,3,60
IND,India,2020,137.3376007080078,4.922442,0.033898,7,169.94448852539062,99.0896453857422,406.3717346191406,18.6824769296756,1907.04251637669,10.0306929080613,28.3590915050748,-18.328398597013503,37.481252772155,-0.1366776333500941,0,77.29380416870117,0.1724291102339824,41.95725490196079,1.642755080402542,7.553308900253144,3.761173848697805,0.146265,0.325551,2.250410083378572,-0.8248981548878908,-1.1364824159371796,-1.4938141849798308,1.1742517709808786,0.07451570191623755,-1.1172699505212764,0.9374822479691118,1.2322445649352207,-0.9686381192559649,2.1097195038181003,2.7730555941186625,-2.179832990718479,1,3,60
IND,India,2021,123.01631927490234,4.812317,0.032121,7,160.045654296875,93.56803894042967,376.6300048828125,21.3991583305515,2239.61384367482,14.2846592727887,29.8728403228095,-15.5881810500208,35.0355799640062,-0.1446247287094594,0,82.07023620605469,0.2133591386179129,70.85533596837945,3.060949399439848,7.714058738771413,3.695640822266543,0.198803,0.158666,2.199551001722285,-0.7313199108754793,-0.9177276390220483,-0.2980917398514034,2.443259553912354,0.06274733372222134,-0.9670957326837389,0.6711524951775685,0.2180004246208449,-1.7868043592128462,1.4762341430762318,0.4795030523506629,-3.9301673181883614,1,3,60
IND,India,2022,133.0443878173828,4.890683,0.031993,7,177.740234375,110.52532196044922,421.3099365234375,23.2515412045298,2347.44829434623,21.7524651912837,37.8444037124818,-16.0919385211981,36.529412379469,-0.0763890805343786,0,157.58319346110025,0.3231270723044872,100.93130952380952,2.1971575150332874,7.761084185002244,3.719543922526425,0.04345,0.175171,2.218101796552902,-0.7485231944660978,2.540673943863645,0.9463686295641772,1.6703340038445316,0.16379333800042317,-0.9231640580315511,-1.901753376557595,-0.7083788697438811,-1.2502837443830561,-4.218282581142949,-1.5712564436190168,-2.773256619616946,1,3,60
IND,India,2023,141.7451629638672,4.954031,0.032807,7,210.097885131836,112.55419921875,464.3972473144531,21.4486977833541,2530.12031278204,20.7059082080863,33.2009829039382,-12.495074695851898,36.0871843474496,-0.0633636787533761,0,121.7112553914388,0.2752896472811699,82.49386454183266,-0.6133767102773175,7.836022135050193,3.705732287156336,0.171738,0.098976,2.207382818209501,-0.625690537950539,0.897782817480094,0.18347829282866657,-0.8445468966342577,0.1830818600455487,-0.8531562238804749,-0.5617342140318706,-0.1148006317422149,0.528425002079547,-1.2399624524543695,-0.2534089420273614,1.166436270302712,1,3,60
IND,India,2024,143.49072265625,4.96627,0.032731,7,208.3476409912109,114.26665496826172,466.1050109863281,21.1618460520863,2694.73780859961,17.094437885147,31.5419008927123,-14.4474630075653,,-0.0633636787533761,1,134.45275115966797,0.2085991551478704,80.52185039370079,-0.2885998458276854,7.899056190521106,3.692753265006864,0.078492,0.1409,2.197310017008856,-0.6923644668292898,1.481327823992613,0.10188181679925232,-0.5539348393370358,0.1830818600455487,-0.7942691353164849,-1.0256187490580375,-0.0705393497678137,0.3835247996957551,-2.253602350937318,-0.15499681983810837,0.8427228841427977,1,3,60
KHM,Cambodia,2011,0.9848790168762208,-0.015236,0.000335,130,2.4686849117279053,0.1360920071601867,3.5896570682525635,49.9211772643531,1088.98152823081,,13.6775138337939,,,-0.8315026611089696,0,90.0953877766927,,111.2642741935484,0.3204653871614673,6.992998160650268,-0.5512208213672053,,,-1.0963670243294645,,-0.550185459458717,1.3739180489158833,-0.008940045181556087,-0.9544082492035673,-1.6407182341490798,,,,,,,0,2,24
KHM,Cambodia,2012,1.5876929759979248,0.462282,0.000506,111,2.780719995498657,0.537401020526886,4.905815124511719,53.285002586552,1192.80263041673,0.0146952518008779,15.5903862729821,-15.57569102118122,,-0.717339377850295,0,81.47523371378581,,111.57068273092368,-0.2780538635436023,7.084060968693511,-0.1795771237564048,,,-0.8079405897032841,-0.7308933772348365,-0.9449780293641127,1.3865963843623275,-0.5444982385711806,-0.7853508148992738,-1.5556463852561822,0.6906781832946568,-1.013454114228195,0.39797015648770995,-0.558026938706278,0.8188107146867473,-0.3215362429169886,0,2,24
KHM,Cambodia,2013,1.598230004310608,0.468897,0.000478,113,3.156546115875244,0.8889200091362,5.6436967849731445,56.6205657745424,1305.6600972686,0.0009077389677465,12.1316641390757,-12.130756400107952,,-0.742706112563611,0,83.03660519917806,,108.555,-0.5207854468038104,7.174464013533902,-0.2360864445785978,,,-0.8517965249247682,-0.6132490927759658,-0.8734691146977848,1.2618157970124662,-0.7616957440086431,-0.8229148632071172,-1.471190894201398,0.5356541421562425,-0.7738073927682771,0.46710922398461474,-0.45626833685024515,0.6591264481211137,-0.3978820137504,0,2,24
KHM,Cambodia,2014,1.769639015197754,0.570776,0.000517,107,2.984078884124756,0.8670660257339478,5.620785236358643,56.629548029687,1431.56396469993,3.21354629705442e-07,3.30363703167592,-3.3036367103212902,,-0.7208225612218179,0,100.29158528645831,,98.9696062992126,-0.6866222838802493,7.266522807228274,-0.1840837704637418,,,-0.8114381225560497,-0.31180355201437443,-0.08321201689985853,0.865198790953089,-0.9100874235702958,-0.7905088484385404,-1.3851885848644072,0.025945802439656045,-0.2697720562177154,0.2837684913128287,-0.021053413219844677,0.21890333081538807,-0.23026057183144444,0,2,24
KHM,Cambodia,2015,1.9319870471954343,0.658549,0.00054,106,3.092094898223877,0.0,5.024083137512207,55.9812203124044,1547.32010444393,2.94178463210652e-05,0.7958078030505,-0.795778385204179,,-0.7504533777634302,0,105.95364507039388,,52.31654901960784,-0.5098499600908116,7.344279748653593,-0.2316627543926117,,,-0.8483633732355637,-0.22616035972333873,0.17610343346740645,-1.0651753260989296,-0.7519106126182147,-0.8343873151213526,-1.312547218828699,-0.03982761586150369,0.24090043491895854,0.17005237462953143,0.03378829054019551,-0.20437110558176205,-0.14426620616742708,0,2,24
KHM,Cambodia,2016,1.930745005607605,0.657906,0.000545,106,3.718770027160645,2.0022730827331543,7.651788234710693,56.4318377218234,1675.19555711109,0.0077143055033989,8.71937203416524,-8.71165772866184,,-0.752987968424956,0,98.6786880493164,,43.638000000000005,-0.3789014579398476,7.42368518795844,-0.3070823662451133,,,-0.9068952678630032,-0.4964871042505535,-0.15708074831668867,-1.4242696144027738,-0.6347371998057909,-0.8381406356462912,-1.2383658084486424,0.07798856586526276,0.7071314965268856,0.3151388342916821,-0.07072746133062895,-0.6412942079571162,-0.28579791753898964,0,2,24
KHM,Cambodia,2017,1.7942650318145752,0.584595,0.000491,111,3.980823040008545,1.9723540544509888,7.74744176864624,56.3000536720904,1826.35391688754,5.14269745698374e-06,9.91824183539292,-9.918236692695462,,-0.7782898284494896,0,107.37731170654295,,54.1248046875,0.2958228956892415,7.510076863232533,-0.421555893975313,,,-0.9957362509727978,-0.53769169431695,0.2413056335524858,-0.9903547217944477,-0.030990276979342878,-0.8756086149893695,-1.1576577817311717,-0.12974803495306114,0.5325055083364482,0.016663214536374444,0.12919482189524864,-0.5302350384932988,-0.016592166771604917,0,2,24
KHM,Cambodia,2018,2.039654016494751,0.71278,0.000526,107,4.266800880432129,0.4484879970550537,6.75494384765625,55.4713973566208,2036.67377566578,0.0007117717271283,11.5269340652074,-11.526222293480272,,-0.791815262287856,0,98.5529073079427,,71.335,0.4342439583858455,7.619073253998369,-0.371268296386426,,,-0.9567088907034783,-0.5926042938964334,-0.1628413532628588,-0.2782445725806336,0.09286962256028819,-0.8956376039716303,-1.0558321881178143,0.09650048516747613,0.1648889284646613,-0.055034937101767864,-0.09232287211692355,-0.1577507038407113,0.05265241362456803,0,2,24
KHM,Cambodia,2019,2.347611904144287,0.853399,0.00059,102,4.643726825714111,1.779209017753601,8.770548820495605,55.4468679729119,2225.87705485686,6.86016223373177e-06,11.5797538933576,-11.579747033195366,,-0.8010838863750305,0,90.94625282287598,,64.30062256809337,-0.0488145355872009,7.707906298889181,-0.311745940758424,,,-0.9105145897515085,-0.5944321601398479,-0.5112168753969966,-0.5693076007278519,-0.3393736745917349,-0.9093629433538052,-0.9728434078019416,0.3038837515421801,0.33841474688469103,0.20173462648216278,-0.27669058936757746,-0.30813156442557504,-0.18368232067008025,0,2,24
KHM,Cambodia,2020,2.4182450771331787,0.883042,0.000597,100,5.134974956512451,1.7229700088500977,9.276190757751465,59.9217979409609,2081.73914242939,2.05458542426352e-06,9.90639676018236,-9.906394705596936,60.5868013956178,-0.8189747557044033,0,77.29380416870117,,41.95725490196079,1.642755080402542,7.64095894950458,-0.2906495030939059,,,-0.8941419986433911,-0.5372872912579615,-1.1364824159371796,-1.4938141849798308,1.1742517709808786,-0.9358564391605432,-1.0353863373799783,0.6106175588211912,0.8026073770905326,-0.6309105532851804,-0.5459788044511282,-0.7176449642776587,0.5641236230796189,0,2,24
KHM,Cambodia,2021,1.5911990404129028,0.464488,0.000415,116,4.017086982727051,1.721958041191101,7.330245018005371,72.3610346435508,2167.40324198499,0.000112840266428,8.04205677698429,-8.041943936717862,58.9313079941395,-0.8072157676021244,0,82.07023620605469,,70.85533596837945,3.060949399439848,7.681285067282272,-0.6005375601724943,,,-1.1346409173954417,-0.4736164235231092,-0.9177276390220483,-0.2980917398514034,2.443259553912354,-0.918443271793224,-0.9977132469961203,0.4346508821619295,0.14118114371020277,-1.1571678516626362,-0.4931726756829497,-0.16018990241828215,1.312969992791006,0,2,24
KHM,Cambodia,2022,1.5782779455184937,0.456334,0.00038,117,3.414124011993408,1.7197329998016355,6.7121357917785645,72.2070606780988,2325.03050040841,3.39233917665731e-06,12.1407596173973,-12.140756225058125,,-0.7627778723835948,0,157.58319346110025,,100.93130952380952,2.1971575150332874,7.75148843639064,-0.6744621054305351,,,-1.1920125159378376,-0.6135905861221039,2.540673943863645,0.9463686295641772,1.6703340038445316,-0.8526379065559133,-0.9321285089796587,-1.5589336143604513,-0.5806828821018557,-1.0249012204386467,1.8582683798338684,0.6921812632562677,1.2216950823628316,0,2,24
KHM,Cambodia,2023,1.926802039146424,0.655862,0.000446,111,4.083384037017822,1.342803955078125,7.352992057800293,66.8926660552171,2429.74853452838,3.68599221364749e-06,13.8056426366308,-13.805638950638588,,-0.7261274810880428,0,121.7112553914388,,82.49386454183266,-0.6133767102773175,7.795543047246606,-0.536612833742844,,,-1.0850300103705457,-0.6704462186675559,0.897782817480094,0.18347829282866657,-0.8445468966342577,-0.798364580300612,-0.8909722204980381,-0.6019150951642336,-0.12301232763455805,0.5662232733358573,0.6530959419482364,0.13347206712902948,-0.6143692441396496,0,2,24
KHM,Cambodia,2024,2.448096990585327,0.895311,0.000558,103,4.636758804321289,1.299420952796936,8.38427734375,71.3635841655888,2627.87969756224,0.0012428809053059,13.3434352077899,-13.342192326884597,,-0.7261274810880428,1,134.45275115966797,,80.52185039370079,-0.2885998458276854,7.873932601373376,-0.3306807756477921,,,-0.9252095972344421,-0.6546195477917437,1.481327823992613,0.10188181679925232,-0.5539348393370358,-0.798364580300612,-0.8177398609129108,-0.969706150273372,-0.06669382884132782,0.3626165740329026,0.8971814367301879,0.061705770520307734,-0.33549633441151505,0,2,24
LAO,Laos,2011,1.0881600379943848,0.084488,0.00037,123,0.6634719967842102,0.0,1.7516319751739502,40.3431560976816,1361.54704394913,0.770085009604707,19.8946936275089,-19.1246086179042,-9.57720813694753,-0.9582880313197762,0,90.0953877766927,,111.2642741935484,0.3204653871614673,7.21637686454598,-0.5657284677737455,,,-1.1076261651537436,-0.8520886732837045,-0.550185459458717,1.3739180489158833,-0.008940045181556087,-1.1421569612530722,-1.4320354606650545,0.4688067982101636,-1.1707000075012708,0.007617711237848501,-0.5192626760995284,1.2966979598540913,-0.008437576285626712,0,1,74
LAO,Laos,2012,1.1251660585403442,0.117931,0.000358,126,0.6733279824256897,0.0,1.7984950542449951,37.8767283501759,1563.5650771337,0.673677614506647,25.191000040996,-24.51732242648935,-5.81001497821363,-0.8612251083056136,0,81.47523371378581,,111.57068273092368,-0.2780538635436023,7.354723798758717,-0.6628387181782893,,,-1.1829918002227673,-1.0362494853413848,-0.9449780293641127,1.3865963843623275,-0.5444982385711806,-0.9984224061275945,-1.3027902755555347,0.9792329965874779,-1.4368597896716868,0.5642360194886765,-1.1584246054705554,1.6997933492514155,-0.6674865844454378,0,1,74
LAO,Laos,2013,1.1668150424957275,0.154278,0.000349,125,0.7181429862976074,0.0,1.884958028793335,38.1731033983004,1812.51774424651,0.616634276575787,16.1821289635402,-15.565494686964414,-8.67582866999769,-0.8200702282289654,0,83.03660519917806,,108.555,-0.5207854468038104,7.502472176610017,-0.724015721377808,,,-1.2304702453770564,-0.7305451731105254,-0.8734691146977848,1.2618157970124662,-0.7616957440086431,-0.9374786575224109,-1.1647621612811774,0.6381086456035905,-0.9218134398620677,0.5564531491643446,-0.7851737017330711,1.134264009538947,-0.6846990429930869,0,1,74
LAO,Laos,2014,1.1729069948196411,0.159485,0.000342,124,0.7530789971351624,0.0,1.9259870052337649,40.7545466511497,1981.03910900473,0.0421233410444505,15.6329280448172,-15.59080470377275,-5.31219136642522,-0.6903291940689088,0,100.29158528645831,,98.9696062992126,-0.6866222838802493,7.591376788555537,-0.7725048359031077,,,-1.2681018331333458,-0.7314095084737698,-0.08321201689985853,0.865198790953089,-0.9100874235702958,-0.7453530832308337,-1.0817065222576216,0.06086206037983656,-0.6328146224230988,0.6656465951417097,-0.07717929033594312,0.8024733827283177,-0.8441076675181721,0,1,74
LAO,Laos,2015,1.2798130512237549,0.246714,0.000358,121,0.7641170024871826,0.0,2.043931007385254,33.9522573081909,2121.01339097363,0.176088512136599,20.1033253108644,-19.9272367987278,3.85415877198598,-0.7297264734903965,0,105.95364507039388,,52.31654901960784,-0.5098499600908116,7.659649268063672,-0.815001677853327,,,-1.301082918741342,-0.8794983714074093,0.17610343346740645,-1.0651753260989296,-0.7519106126182147,-0.8036941083612578,-1.017925641950247,-0.15488268293383703,0.9368199645673647,0.6613041592416672,0.20151521317404653,-1.2188804538344675,-0.8604115456819376,0,1,74
LAO,Laos,2016,1.5136590003967283,0.41453,0.000427,116,1.053730010986328,0.0,2.567389965057373,33.209427456122,2303.22156035363,0.240806629071139,14.9804829135677,-14.73967628449656,-10.4965663937506,-0.703538392980894,0,98.6786880493164,,43.638000000000005,-0.3789014579398476,7.742064100296888,-0.7250599030559466,,,-1.2312806172479198,-0.702343530485148,-0.15708074831668867,-1.4242696144027738,-0.6347371998057909,-0.7649137792228667,-0.940932824520893,0.11032464734399208,1.0003265493423645,0.445803565841856,-0.13584059987936964,-1.2316826911237484,-0.5489092897210841,0,1,74
LAO,Laos,2017,1.5396720170974731,0.431569,0.000422,117,1.2125229835510254,0.0,2.752194881439209,,2432.43059478511,26.3264153582686,13.4798771733248,12.8465381849438,-18.4440867246843,-0.7320745736360555,0,107.37731170654295,,54.1248046875,0.2958228956892415,7.79664628119066,-0.7318262433076653,,,-1.2365318603251392,0.23972382903274103,0.2413056335524858,-0.9903547217944477,-0.030990276979342878,-0.8071712664700973,-0.8899415675520242,0.05784671044237336,-0.23741162600922,-0.007429107860273282,-0.07152930047699758,0.293567039571997,0.009186328563019836,0,1,74
LAO,Laos,2018,1.5844670534133911,0.460248,0.000409,116,1.285392999649048,0.0090629998594522,2.878922939300537,,2545.1075420815,24.2519769448921,14.4395340667741,9.812442878118,-21.7928941186253,-0.791800603270531,0,98.5529073079427,,71.335,0.4342439583858455,7.841928184312483,-0.7442435821899505,,,-1.2461687485715616,0.13610967938587987,-0.1628413532628588,-0.2782445725806336,0.09286962256028819,-0.8956158963280898,-0.8476387295137634,-0.022164284383370515,-0.03787177956481122,0.012640454551368502,0.02762043853300904,0.047194628146458834,-0.015752139429654585,0,1,74
LAO,Laos,2019,1.7016340494155884,0.531589,0.000427,115,1.4697990417480469,0.0,3.1714329719543457,,2589.32081035237,27.0504530988954,15.9847172397063,11.0657358591891,-20.5885949193634,-0.817285150289535,0,90.94625282287598,,64.30062256809337,-0.0488145355872009,7.859150884918687,-0.714466645379347,,,-1.223059367802873,0.17890954997660205,-0.5112168753969966,-0.5693076007278519,-0.3393736745917349,-0.9333544056847096,-0.8315490984669931,-0.0914615811177213,-0.10185456664447903,-0.06071719139511308,0.1118629435800914,0.12457418188803211,0.07426072972247304,0,1,74
LAO,Laos,2020,1.856889009475708,0.618903,0.000458,112,1.5158179998397827,0.0,3.372706890106201,,2583.77730696131,16.8657167141044,13.6859162099986,3.179800504105801,-39.7255387067333,-0.7741448680559794,0,77.29380416870117,,41.95725490196079,1.642755080402542,7.857007679672131,-0.673848801991531,,,-1.1915365414348578,-0.09039460937160897,-1.1364824159371796,-1.4938141849798308,1.1742517709808786,-0.8694705962725111,-0.8335513037228962,0.10273188404634377,0.13503274972502022,-0.10614603014173656,-0.1224087938116673,-0.16089645558778934,0.12647687364212495,0,1,74
LAO,Laos,2021,1.4504740238189695,0.37189,0.000379,119,1.3148859739303589,0.0,2.765360116958618,,2526.05105018529,27.4177584302158,14.3178671025204,13.0998913276954,-46.2236221859994,-0.7017013231913243,0,82.07023620605469,,70.85533596837945,3.060949399439848,7.834412512597466,-0.7812981556852683,,,-1.274926180995562,0.2483758217330066,-0.9177276390220483,-0.2980917398514034,2.443259553912354,-0.7621933747600861,-0.85465995038546,-0.2279413564691933,-0.07403878083741396,0.6068465994100001,0.2906084030942167,0.09439398009861158,-0.7736846174359351,0,1,74
LAO,Laos,2022,1.5720850229263306,0.452403,0.000378,118,1.2571090459823608,0.0,2.829195022583008,,2046.40440255621,24.9508670533214,19.3272158379136,5.623651215407801,-49.0213561069782,-0.7038561403751382,0,157.58319346110025,,100.93130952380952,2.1971575150332874,7.623839582188668,-0.6124229243268301,,,-1.1438649489862018,-0.006937272765942533,2.540673943863645,0.9463686295641772,1.6703340038445316,-0.7653843119343874,-1.0513794333621458,-0.017625348157905073,-0.006565217320417924,-0.01158756259489842,0.020161017971506132,0.007509721975303177,0.0132546066964879,0,1,74
LAO,Laos,2023,1.781288981437683,0.577337,0.000412,113,1.4266330003738403,0.0,3.2079219818115234,,2066.94979776957,1.82681289929622,18.8198612715176,-16.99304837222138,,-0.6992685000101719,0,121.7112553914388,,82.49386454183266,-0.6133767102773175,7.6338292719023375,-0.5291149178175623,,,-1.0792110036946392,-0.7792960349705269,0.897782817480094,0.18347829282866657,-0.8445468966342577,-0.7585907554819622,-1.0420469584245768,-0.6996385899269055,-0.14298390610454112,0.6581520478937405,0.7550576648585178,0.15430980481926188,-0.7102849321910859,0,1,74
LAO,Laos,2024,1.852995038032532,0.616803,0.000423,116,1.6450769901275637,0.0,3.4980719089508057,,2123.97909415109,,,,,-0.6992685000101719,1,134.45275115966797,,80.52185039370079,-0.2885998458276854,7.661046539634995,-0.4955096625512705,,,-1.0531305292416329,,1.481327823992613,0.10188181679925232,-0.5539348393370358,-0.7585907554819622,-1.016620295909067,,,,,,,0,1,74
MEX,Mexico,2011,19.949567794799805,2.993207,0.006778,25,111.88330078125,8.037891387939453,139.87075805664062,30.4429662274867,10664.4944032313,15.9452394736811,9.97913693556476,5.96610253811634,-17.6294162946352,-0.1889995895326138,0,90.0953877766927,0.0820797272026538,111.2642741935484,0.3204653871614673,9.274675222677272,1.191174699511892,-0.030953,0.196986,0.2558768883927615,0.004757416757508676,-0.550185459458717,1.3739180489158833,-0.008940045181556087,-0.002964687728445609,0.4908488722702273,-0.0026174615245665106,0.006536300749356048,-4.253152075961962e-05,-0.0006697479103938525,0.001672488297344501,-1.088283319058361e-05,1,3,87
MEX,Mexico,2012,23.06808853149414,3.13845,0.007345,24,113.81790161132812,6.892859935760498,143.7788543701172,31.539450391413,10744.1335242686,14.0716102135622,8.99059081818562,5.081019395376581,-11.711054039167,-0.1424123843510946,0,81.47523371378581,0.0681606130674481,111.57068273092368,-0.2780538635436023,9.28211516592449,1.2791988506204597,0.164471,0.11736,0.3241909543340281,-0.025468112742318905,-0.9449780293641127,1.3865963843623275,-0.5444982385711806,0.06602345937616981,0.4977993467976372,0.024066806990859568,-0.035313993045031515,0.013867342527924884,0.007802241126139623,-0.011448477106614,0.004495667008204822,1,3,87
MEX,Mexico,2013,23.68907928466797,3.165014,0.007088,23,121.32390594482422,7.85136079788208,152.86434936523438,30.755800584349,11216.8008505428,12.8121829522689,8.62961231397265,4.18257063829625,-10.4334471850256,-0.1711139045655726,0,83.03660519917806,0.0566870373052855,108.555,-0.5207854468038104,9.3251680092345,1.2683998792753983,-0.017239,0.157917,0.315810053964373,-0.05615007706846545,-0.8734691146977848,1.2618157970124662,-0.7616957440086431,0.02352113087272101,0.5380197733271996,0.0490453581072049,-0.07085105424845713,0.04276927472880744,0.01548901719053838,-0.022375475265637965,0.013506966960121772,1,3,87
MEX,Mexico,2014,26.73504447937012,3.285975,0.007807,24,119.63804626464844,11.26736545562744,157.6404571533203,31.462992199988,11391.3773497683,10.4122287602677,7.49269955522183,2.91952920504587,-7.87572561111971,-0.26832353194186,0,100.29158528645831,0.0437532781312863,98.9696062992126,-0.6866222838802493,9.340611975360996,1.386991207366674,0.00434,0.126873,0.4078467928054844,-0.0992828566421905,-0.08321201689985853,0.865198790953089,-0.9100874235702958,-0.12043066978349236,0.5524476916052782,0.008261526744776189,-0.08589940752919209,0.09035607920619018,0.0033694371865337024,-0.03503379786467228,0.03685143711472299,1,3,87
MEX,Mexico,2015,27.169145584106445,3.302082,0.007598,23,119.168701171875,9.97968578338623,156.31753540039062,34.1627726873238,10021.2386118827,5.89078579129835,6.33580155276939,-0.4450157614710406,-0.838223440033256,-0.3045018687844276,0,105.95364507039388,0.0652861540826658,52.31654901960784,-0.5098499600908116,9.21246198095963,1.3793645349288233,-0.003905,0.135865,0.40192786036171496,-0.21418183983167674,0.17610343346740645,-1.0651753260989296,-0.7519106126182147,-0.1740049594274111,0.4327285966904608,-0.03771815738072439,0.22814121108717497,0.1610455983995324,-0.015159978292820982,0.0916963088325986,0.06472871278539608,1,3,87
MEX,Mexico,2016,28.58453369140625,3.352866,0.00807,23,118.89899444580078,9.120551109313965,156.6040802001953,36.8156772514808,9097.92397674769,4.82276713809655,6.19935425514006,-1.3765871170435098,4.93383715309556,-0.3175013065338135,0,98.6786880493164,0.1074375339473287,43.638000000000005,-0.3789014579398476,9.115801532054997,1.451063207658034,0.060171,0.140335,0.4575719966020456,-0.24599493865749983,-0.15708074831668867,-1.4242696144027738,-0.6347371998057909,-0.1932550329237212,0.34242737185639166,0.038641069046438,0.3503631164267513,0.15614213852985875,0.01768107111441614,0.16031635071910355,0.07144627008082066,1,3,87
MEX,Mexico,2017,28.816028594970703,3.360932,0.007891,23,115.63825225830078,9.03320598602295,153.48748779296875,37.5140886198874,9649.27816772402,5.50774530391262,8.2117992844495,-2.70405398053688,11.4340419264569,-0.3859644420444966,0,107.37731170654295,0.1334702751288811,54.1248046875,0.2958228956892415,9.174638390263157,1.435069479718717,0.078179,0.099489,0.44515953284825605,-0.29132784231936504,0.2413056335524858,-0.9903547217944477,-0.030990276979342878,-0.2946379093047208,0.3973933938622202,-0.07029904956235307,0.2885179042311715,0.00902833052527145,-0.03129429206285349,0.1284364954659062,0.004019047399029489,1,3,87
MEX,Mexico,2018,30.7933406829834,3.427298,0.007943,23,122.7020034790039,7.798800945281982,161.2941436767578,39.0439304419331,10084.7937562021,6.5678211804808,9.82852212186439,-3.2607009413835897,16.7913179157596,-0.413565374755611,0,98.5529073079427,0.1380719495937228,71.335,0.4342439583858455,9.218783999629082,1.4593078020953922,-0.16996,0.167131,0.46397048793606616,-0.3103372984072759,-0.1628413532628588,-0.2782445725806336,0.09286962256028819,-0.33551044498656313,0.4386346941247762,0.05053574564058045,0.08634966895116104,-0.02882090776946324,0.023447094563073038,0.04006369803638797,-0.01337205064055822,1,3,87
MEX,Mexico,2019,29.624832153320312,3.388613,0.007439,25,120.97307586669922,2.1995298862457275,152.7974395751953,38.5296507920009,10369.5553585271,5.32160515060597,8.82656007691408,-3.504954926308109,18.2994397147,-0.4504593486587208,0,90.94625282287598,0.1439619548618793,64.30062256809337,-0.0488145355872009,9.246629422630924,1.3739020529140475,0.044636,0.130289,0.39768851977324265,-0.31867855548277896,-0.5112168753969966,-0.5693076007278519,-0.3393736745917349,-0.39014447784997386,0.4646481860088247,0.16291385538993466,0.18142612382531853,0.10815111238777676,0.06478897000057522,0.07215108663228796,0.04301045579732455,1,3,87
MEX,Mexico,2020,31.411094665527344,3.447161,0.007753,24,122.9718780517578,2.157387018203736,156.5403594970703,39.2353720904115,8841.27075039868,3.84267437174223,6.48086342779823,-2.638189056056,10.8895496628123,-0.4443175114380815,0,77.29380416870117,0.0789142583186427,41.95725490196079,1.642755080402542,9.08718589534574,1.4726623355272284,0.012005,0.248808,0.4743347171389366,-0.28907855960029955,-1.1364824159371796,-1.4938141849798308,1.1742517709808786,-0.38104940618771943,0.31569433809196074,0.3285326998101884,0.4318296529044649,-0.3394510105632532,0.15583446523535688,0.20483179626264453,-0.1610133990780469,1,3,87
MEX,Mexico,2021,27.50389862060547,3.314328,0.007182,23,112.52774047851562,2.736860036849976,142.76849365234375,40.5691932010194,10314.0506722115,5.5701378045074,8.3697474797823,-2.7996096752749,15.3117558234424,-0.5314307473599907,0,82.07023620605469,0.0609824353208144,70.85533596837945,3.060949399439848,9.24126238755322,1.3920828368682052,0.189711,0.140631,0.411798320984235,-0.29459106283584685,-0.9177276390220483,-0.2980917398514034,2.443259553912354,-0.5100500773188518,0.45963424445634704,0.2703543605733376,0.0878151624654117,-0.7197624287708775,0.11133147175486689,0.03616213646021435,-0.2963969596753824,1,3,87
MEX,Mexico,2022,30.841365814208984,3.428857,0.007416,22,114.79025268554688,2.719957113265991,148.35157775878906,42.9322902133702,11405.7940473759,6.4977788316006,10.1171745389913,-3.6193957073907,21.1050764879457,-0.52009482930104,0,157.58319346110025,0.0808753101155161,100.93130952380952,2.1971575150332874,9.341876755037235,1.4261010749489378,-0.094601,0.167485,0.4381993044664452,-0.32258670042144294,2.540673943863645,0.9463686295641772,1.6703340038445316,-0.4932634085420995,0.5536292623015027,-0.8195876243977076,-0.3052859335934707,-0.5388275349019452,-0.35914272696038163,-0.13377608376404826,-0.23611385102140164,1,3,87
MEX,Mexico,2023,31.313432693481445,3.444047,0.007247,24,124.36290740966795,2.6876749992370605,158.364013671875,36.0693951643755,13860.9597809326,5.44687500653683,7.97626566894421,-2.52939066240738,21.5843559520399,-0.490528250734011,0,121.7112553914388,0.0925136689717571,82.49386454183266,-0.6133767102773175,9.53683151860988,1.2984207948566824,0.168986,0.142233,0.339108782561114,-0.2853631018111242,0.897782817480094,0.18347829282866657,-0.8445468966342577,-0.4494800679528788,0.7357580868346405,-0.25619408954885,-0.05235793475659803,0.24100252204851066,-0.08687766580626353,-0.017755035512724195,0.08172607184602848,1,3,87
MEX,Mexico,2024,31.53937721252441,3.451237,0.007194,24,128.0512237548828,2.682382106781006,162.27297973632812,36.7033688165177,14185.7812248529,4.49492353677104,6.19834035429965,-1.70341681752861,,-0.490528250734011,1,134.45275115966797,0.1169032584875822,80.52185039370079,-0.2885998458276854,9.559995419737918,1.3019407027969878,-0.147564,0.152287,0.34184052402198456,-0.2571561508379207,1.481327823992613,0.10188181679925232,-0.5539348393370358,-0.4494800679528788,0.7573980509306161,-0.3809325613470533,-0.026199535848469933,0.14244775109893415,-0.13021818638791346,-0.008956063063573732,0.04869441388141288,1,3,87
MMR,Myanmar,2011,2.3385140895843506,0.849516,0.000794,89,2.551882028579712,0.0,4.890397071838379,,1213.62898703376,35.9097187513172,24.8138258359646,11.0958929153526,-60.7090396601692,-1.6173473397890732,0,90.0953877766927,,111.2642741935484,0.3204653871614673,7.10137031291203,0.2952122310892684,,,-0.4394645420884186,0.17993941140620315,-0.550185459458717,1.3739180489158833,-0.008940045181556087,-2.1181176428649087,-1.5394758108204178,-0.09900004773925299,0.24722200504228306,-0.0016086664679140648,0.043507010646462396,-0.10864530524008764,0.0007069518726948483,0,2,92
MMR,Myanmar,2012,2.567657947540283,0.942994,0.000818,85,2.326076030731201,1.1973479986190796,6.09108304977417,,1202.6658960055,24.3583262702265,18.0937002667298,6.264626003496698,-48.0164726145149,-1.383586476246516,0,81.47523371378581,,111.57068273092368,-0.2780538635436023,7.092295951720546,0.3308095221425091,,,-0.4118380821031107,0.014951972922383908,-0.9449780293641127,1.3865963843623275,-0.5444982385711806,-1.7719554556604866,-1.5479531760661163,-0.014129285907299918,0.02073235159326095,-0.008141322919402026,0.005818978009548908,-0.008538371917655961,0.0033529068169086285,0,2,92
MMR,Myanmar,2013,2.396038055419922,0.873817,0.000717,89,2.6167240142822266,3.5498900413513184,8.562652587890625,,1199.09561597055,33.6174411817329,14.9135397505563,18.7039014311766,-41.5951939132495,-1.310212512811025,0,83.03660519917806,,108.555,-0.5207854468038104,7.089322898278754,0.2439160483832865,,,-0.4792746483351646,0.4397523879794014,-0.8734691146977848,1.2618157970124662,-0.7616957440086431,-1.6633004341065352,-1.5507306343785214,-0.3841101290146045,0.5548865099263637,-0.3349575223415477,0.18409424700544927,-0.2659430369108848,0.16053664872746332,0,2,92
MMR,Myanmar,2014,2.4842350482940674,0.909965,0.000725,91,3.7100250720977774,5.191196918487549,11.385457992553713,,1293.00042319714,42.7838695243051,17.4792164432406,25.304653081064505,-43.4511298219738,-1.201255043347677,0,100.29158528645831,,98.9696062992126,-0.6866222838802493,7.164720706070443,0.2347322587163861,,,-0.48640203331978726,0.6651676106636104,-0.08321201689985853,0.865198790953089,-0.9100874235702958,-1.50195197153626,-1.4802931962065684,-0.05534993845977887,0.5755022125273108,-0.6053606770312548,0.026922322610961537,-0.27992544635332034,0.2944486641998454,0,2,92
MMR,Myanmar,2015,2.823873996734619,1.03811,0.00079,86,3.6375069618225098,5.130392074584961,11.591773986816406,,1166.73305547935,44.5178108638091,11.7570399862303,32.76077087757881,-49.9388837150236,-1.1727553109327955,0,105.95364507039388,,52.31654901960784,-0.5098499600908116,7.06196286188697,0.3221075124775262,,,-0.41859156571628375,0.9197935294390135,0.17610343346740645,-1.0651753260989296,-0.7519106126182147,-1.459748458262191,-1.5762906729018304,0.16197879861531428,-0.9797413726638866,-0.6916025162027585,-0.06780295892522702,0.41011147518039737,0.2894989801106342,0,2,92
MMR,Myanmar,2016,3.0457510948181152,1.113748,0.00086,85,4.497401237487793,5.07981014251709,12.62296199798584,,1229.19713491328,28.1623538928698,11.1402367777501,17.0221171151197,-45.8534329683339,-0.8389233748118086,0,98.6786880493164,,43.638000000000005,-0.3789014579398476,7.114116499398813,0.3204684709537562,,,-0.41986359832693854,0.38231956726159505,-0.15708074831668867,-1.4242696144027738,-0.6347371998057909,-0.9653971309482007,-1.5275681871256883,-0.060055043721563936,-0.5445261426423074,-0.24267245155458658,0.025214926754617454,0.22862670563288698,0.1018893287245284,0,2,92
MMR,Myanmar,2017,2.897149085998535,1.063727,0.000793,87,4.297441959381104,7.142059803009033,14.336651802062988,,1272.82241815234,26.6678823089386,18.3752832850011,8.292599023937502,-26.8257191999692,-0.9041347901026392,0,107.37731170654295,,54.1248046875,0.2958228956892415,7.148992090124547,0.2591711196954823,,,-0.46743544358924544,0.08420711449523721,0.2413056335524858,-0.9903547217944477,-0.030990276979342878,-1.0619647334359463,-1.49498703738933,0.020319651112899927,-0.08339491344904386,-0.0026096018018386398,-0.009498125131537081,0.03898173836114054,0.0012198203758337388,0,2,92
MMR,Myanmar,2018,2.990546941757202,1.095456,0.000771,87,4.467712879180908,6.811524868011475,14.26978588104248,,1298.21310327675,21.6446810949072,20.7641507977455,0.8805302971616982,-21.4529603217206,-0.9442923863728848,0,98.5529073079427,,71.335,0.4342439583858455,7.168744061967587,0.2625992017830298,,,-0.46477496663114376,-0.16891453152597058,-0.1628413532628588,-0.2782445725806336,0.09286962256028819,-1.121431665355667,-1.4765345341108242,0.027506270899450878,0.04699955162710165,-0.01568702878776479,-0.012784226139439482,-0.021844215039164887,0.007290938281375172,0,2,92
MMR,Myanmar,2019,3.076988935470581,1.123952,0.000773,89,5.105649948120117,6.734584808349609,14.917224884033203,,1425.98954241668,24.6715993904913,19.7724185159686,4.899180874522699,-23.6632327365403,-0.9752217531204213,0,90.94625282287598,,64.30062256809337,-0.0488145355872009,7.262621267438711,0.2083818936134096,,,-0.5068521093108748,-0.03167788593860952,-0.5112168753969966,-0.5693076007278519,-0.3393736745917349,-1.167233075736861,-1.388833445050024,0.01619426986871841,0.018034461239840344,0.010750640554283762,-0.00820809984170947,-0.009140804719698291,-0.005448984841381756,0,2,92
MMR,Myanmar,2020,3.1852409839630127,1.158528,0.000786,87,6.23983907699585,13.838611602783203,23.26369285583496,,1490.21683599469,20.299108694666,15.1584892030055,5.1406194916605,-21.8853122270389,-0.9940552711486802,0,77.29380416870117,,41.95725490196079,1.642755080402542,7.306676915864618,0.1744677508823366,,,-0.5331723061397488,-0.023432773482725933,-1.1364824159371796,-1.4938141849798308,1.1742517709808786,-1.1951224824348694,-1.347676187259471,0.026630935019757045,0.035004209421915226,-0.027515975761084697,-0.014198877039141659,-0.018663275062081264,0.014670756252222956,0,2,92
MMR,Myanmar,2021,2.950486898422241,1.08197,0.00077,88,4.947783946990967,14.77176284790039,22.670034408569336,,1242.7213439951,21.220208753714,20.1717819275735,1.0484268261404992,-26.9251367668147,-1.4653667012850418,0,82.07023620605469,,70.85533596837945,3.060949399439848,7.125058886165458,0.3512689242801941,,,-0.39595988357292733,-0.1631808764098438,-0.9177276390220483,-0.2980917398514034,2.443259553912354,-1.8930587966577366,-1.517345692415251,0.14975560044115463,0.04864287135948717,-0.39869323530414197,-0.05929721011507341,-0.01926062568015542,0.15786652703234177,0,2,92
MMR,Myanmar,2022,2.614590883255005,0.961108,0.000629,95,3.2687909603118896,13.58258819580078,19.465970993041992,,1158.05005055976,23.4942446170029,29.8611751938474,-6.366930576844503,-19.025954239222,-1.60111314058304,0,157.58319346110025,,100.93130952380952,2.1971575150332874,7.054492878753113,0.2499446252686868,,,-0.4745959710211025,-0.41641483050130673,2.540673943863645,0.9463686295641772,1.6703340038445316,-2.0940774086721152,-1.5832692110125182,-1.0579743096930663,-0.3940819324717208,-0.6955518510914896,0.5021103448241614,0.18702969740328887,0.3301061061642908,0,2,92
MMR,Myanmar,2023,2.60579800605774,0.957739,0.000603,97,3.61375904083252,13.70669174194336,19.926250457763672,,1233.19666209269,24.2241759769846,32.7662272063315,-8.5420512293469,,-1.665326714515685,0,121.7112553914388,,82.49386454183266,-0.6133767102773175,7.117364989304384,0.1798931952006509,,,-0.5289617098857178,-0.4906950537630282,0.897782817480094,0.18347829282866657,-0.8445468966342577,-2.1891673688300113,-1.5245334131239285,-0.4405375878909177,-0.09003189076391117,0.4144149848493457,0.2330275157597095,0.047623422882722616,-0.2192096589881737,0,2,92
MMR,Myanmar,2024,2.718770980834961,1.00018,0.00062,99,2.932384967803955,13.406946182250977,19.058103561401367,,1359.05001560107,21.9570193842403,36.2388104824028,-14.281791098162495,,-1.665326714515685,1,134.45275115966797,,80.52185039370079,-0.2885998458276854,7.214541216712384,0.1786639461626999,,,-0.5299157094276531,-0.6867067823213163,1.481327823992613,0.10188181679925232,-0.5539348393370358,-2.1891673688300113,-1.43375034249745,-1.0172378635770045,-0.06996293459126439,0.38039081113681117,0.5390503241340785,0.03707445811757036,-0.2015750665433237,0,2,92
MYS,Malaysia,2011,25.372528076171875,3.233667,0.00862,21,87.82260131835938,17.00603485107422,130.201171875,85.2554421085998,10217.1068585031,17.7387093045849,11.7589362384234,5.979773066161501,-9.86347941634221,0.2602715448786817,0,90.0953877766927,0.0144678792955043,111.2642741935484,0.3204653871614673,9.231818737429077,1.4317848732932978,0.007752,0.11574,0.442610404942888,0.005224264366229567,-0.550185459458717,1.3739180489158833,-0.008940045181556087,0.662333498540928,0.45081188554142027,-0.0028743142906678173,0.0071777111050709,-4.67051594744858e-05,-0.0012722014121256124,0.0031769296187784952,-2.0672189547924324e-05,1,3,82
MYS,Malaysia,2012,25.57567405700684,3.241642,0.008143,21,89.23971557617188,20.67086601257324,135.4862518310547,79.2999139255312,10600.5744240026,20.4071462425974,14.1885124152108,6.218633827386599,-10.7287875242111,0.2708064853989829,0,81.47523371378581,0.0247589193750172,111.57068273092368,-0.2780538635436023,9.268663469575523,1.3684957304212102,0.098362,0.069603,0.39349276364695046,0.013381343216937349,-0.9449780293641127,1.3865963843623275,-0.5444982385711806,0.6779340485958437,0.4852326282465361,-0.012645075343386292,0.018554522122516685,-0.0072861178113388025,-0.004975745643392983,0.007301070188137571,-0.0028670346338409754,1,3,82
MYS,Malaysia,2013,24.891679763793945,3.214534,0.007448,22,91.76935577392578,20.67766571044922,137.3386993408203,75.6290410302627,10713.6407638899,22.272387421079,16.2066093230205,6.065778098058498,-1.02196038431298,0.3246412153045337,0,83.03660519917806,0.0169958399686341,108.555,-0.5207854468038104,9.279273046281045,1.3173312904855874,0.100204,0.089311,0.3537849007526055,0.008161330392240915,-0.8734691146977848,1.2618157970124662,-0.7616957440086431,0.757654612462909,0.495144208239557,-0.007128670032466796,0.010298095613567532,-0.006216450625218295,-0.002522015819934338,0.0036433107345868313,-0.0021992863674763267,1,3,82
MYS,Malaysia,2014,28.08823013305664,3.335351,0.008202,23,92.17247009277344,20.207748413085938,140.46844482421875,73.7934986257765,11013.3107334403,22.0894873095308,16.8359093982484,5.253577911282399,-1.31674896798018,0.4619909127553306,0,100.29158528645831,0.1522324680505941,98.9696062992126,-0.6866222838802493,9.3068598869163,1.4172018104810014,-0.058288,0.082254,0.43129273471217916,-0.019575251087748526,-0.08321201689985853,0.865198790953089,-0.9100874235702958,0.9610473915658901,0.5209161297120468,0.0016288961243327044,-0.016936483573723165,0.017815189828190685,0.0007025310640255219,-0.007304582316918965,0.007683561940416958,1,3,82
MYS,Malaysia,2015,29.693260192871094,3.39092,0.008304,21,92.19891357421876,19.96384620666504,141.85601806640625,69.4486908970754,9648.6797937523,16.4637462888258,12.3487871947462,4.1149590940796,-9.78609643797293,0.344757430255413,0,105.95364507039388,0.0451544088621934,52.31654901960784,-0.5098499600908116,9.17457637603625,1.455422763172652,-0.039811,0.111495,0.4609553744494831,-0.058459006733449614,0.17610343346740645,-1.0651753260989296,-0.7519106126182147,0.7874434867002037,0.397335459508404,-0.01029483180285471,0.06226909156072172,0.043955947566000436,-0.00474545804857934,0.028703272417001626,0.020261730269567575,1,3,82
MYS,Malaysia,2016,29.62310791015625,3.388555,0.008363,21,84.11685180664062,19.96953773498535,133.70950317382812,66.7754454542508,9476.53409809923,14.0025952445656,10.3107291933483,3.6918660512173,-8.0938585553716,0.2682981171334782,0,98.6786880493164,0.0349900272364417,43.638000000000005,-0.3789014579398476,9.156573926934232,1.4347119355946305,-0.030462,0.085073,0.444882048855941,-0.07290760554939879,-0.15708074831668867,-1.4242696144027738,-0.6347371998057909,0.6742195592157889,0.38051737907998573,0.011452381237677526,0.10384008724287175,0.046277169390970534,0.005094958829297316,0.04619659076598845,0.02058788193390841,1,3,82
MYS,Malaysia,2017,31.209531784057617,3.440724,0.008547,20,78.14847564697266,20.20551872253418,129.5635223388672,70.011742508597,9862.54806612235,15.4036825994082,12.7721250663876,2.631557533020599,-9.46619716840316,0.2572989066441854,0,107.37731170654295,0.0683920344648261,54.1248046875,0.2958228956892415,9.196499838766826,1.470098368695938,0.090262,0.056918,0.4723448655246,-0.10911706977720866,0.2413056335524858,-0.9903547217944477,-0.030990276979342878,0.6579315001164425,0.4178165927910393,-0.026330563653980135,0.10806460528223281,0.00338156821556998,-0.012437106548326167,0.051043761450005234,0.0015972663840456637,1,3,82
MYS,Malaysia,2018,31.69300842285156,3.456096,0.008175,21,80.99984741210938,20.75727081298828,133.45013427734375,68.554971419686,10901.8019954421,15.6707664196549,14.3823342600901,1.288432159564799,-2.31632847100387,0.4345779816309618,0,98.5529073079427,0.0364305294351652,71.335,0.4342439583858455,9.296683375236038,1.40256286454487,-0.060941,0.110162,0.4199316945272182,-0.15498471049589743,-0.1628413532628588,-0.2782445725806336,0.09286962256028819,0.9204532559527313,0.511409123695837,0.025237919992204337,0.04312365452846422,-0.01439337156636953,0.010598202508668724,0.018108989320344326,-0.006044232911825437,1,3,82
MYS,Malaysia,2019,31.768207550048828,3.458466,0.007977,22,82.58882904052734,20.010366439819336,134.36740112304688,65.2777668428576,10920.191763972,14.4392776477319,14.5458579099817,-0.1065802622497997,0.419441769978299,0.389775545646747,0,90.94625282287598,0.0233116964033494,64.30062256809337,-0.0488145355872009,9.298368809948004,1.372755422513556,-0.062118,0.077187,0.39679863916885233,-0.20262429040887836,-0.5112168753969966,-0.5693076007278519,-0.3393736745917349,0.8541080645577722,0.5129836748239677,0.10358495662236042,0.11535554862186204,0.06876534999760388,0.04110236982611721,0.04577292471373123,0.027285997301019063,1,3,82
MYS,Malaysia,2020,31.63518142700196,3.45427,0.007808,23,80.163818359375,19.556251525878903,131.35525512695312,61.5779359054349,9957.52626697613,11.3856806445869,11.8882215120536,-0.5025408674666991,1.4599273272106,0.410329682131608,0,77.29380416870117,0.0246644880001743,41.95725490196079,1.642755080402542,9.206083952961045,1.371737424735331,0.023913,0.194884,0.3960085881831409,-0.21614631831317882,-1.1364824159371796,-1.4938141849798308,1.1742517709808786,0.8845454300511724,0.42677017474203377,0.24564649003248812,0.3228824363273923,-0.25381019707024693,0.09727811970990961,0.1278642177591435,-0.10051101780827325,1,3,82
MYS,Malaysia,2021,26.851825714111328,3.290334,0.007011,25,73.42923736572266,11.668198585510254,111.9492645263672,70.6330555493337,10903.1037480772,12.447410329578,12.5344900250452,-0.0870796954671995,-0.739797820685311,0.3733004461973906,0,82.07023620605469,0.0258918775555988,70.85533596837945,3.060949399439848,9.29680277521437,1.2917314368558634,-0.037366,0.107991,0.33391728411645355,-0.2019583473713392,-0.9177276390220483,-0.2980917398514034,2.443259553912354,0.829711095906254,0.5115206684321879,0.18534275731389382,0.06020211514543661,-0.49343666170737444,0.06188915015291038,0.020102526787430207,-0.16476702996081571,1,3,82
MYS,Malaysia,2022,27.416667938232425,3.311151,0.006593,26,75.8708724975586,10.70146369934082,113.98900604248048,76.8077974825844,11754.5678336248,17.0810793062688,18.6794537679149,-1.5983744616460989,-0.578726686040022,0.435095872890088,0,157.58319346110025,0.0300874154393871,100.93130952380952,2.1971575150332874,9.371997195825758,1.24319140959687,-0.047047,0.124291,0.2962461838422584,-0.2535689614845791,2.540673943863645,0.9463686295641772,1.6703340038445316,0.9212201694911071,0.5817681001257419,-0.6442360534164342,-0.23996971058017275,-0.4235448586872368,-0.19085247231821598,-0.07109011099710741,-0.1254735480721025,1,3,82
MYS,Malaysia,2023,29.34184837341309,3.379015,0.006791,25,88.01385498046875,10.624155044555664,127.9798583984375,68.6789535653168,11386.0395636528,16.512163379367,19.0929537393799,-2.5807903600129016,,0.4433224772413573,0,121.7112553914388,0.0242456276124964,82.49386454183266,-0.6133767102773175,9.340143284268104,1.2918575125791945,-0.027682,0.07446,0.3340151293687935,-0.28711839801013306,0.897782817480094,0.18347829282866657,-0.8445468966342577,0.9334024454818114,0.5520098353751793,-0.25776996431590826,-0.05267999350660083,0.24248495200605752,-0.08609906797836739,-0.01759591484625448,0.08099364261428899,1,3,82
MYS,Malaysia,2024,31.496957778930664,3.449891,0.007185,25,82.37413024902344,10.529455184936523,124.40054321289062,71.3410849829908,11874.4273684245,14.4033158188559,16.3359568881093,-1.9326410692534013,,0.4433224772413573,1,134.45275115966797,0.0290972011862322,80.52185039370079,-0.2885998458276854,9.382142406133784,1.3488838757856143,0.121344,0.096383,0.37827233250465875,-0.2649841435405461,1.481327823992613,0.10188181679925232,-0.5539348393370358,0.9334024454818114,0.5912458640653435,-0.3925283847434634,-0.0269970659669047,0.14678394897899444,-0.14848262767119602,-0.010212243114083181,0.055524306754529046,1,3,82
NGA,Nigeria,2011,5.819997787475586,1.7613,0.001977,53,39.92369842529297,17.666168212890625,63.40986633300781,,2418.41316975875,89.1265273360995,9.89004065243752,79.23648668366198,-184.425082511186,-1.1399727662404389,0,90.0953877766927,,111.2642741935484,0.3204653871614673,7.79086688909992,0.8099047990553867,,,-0.04002028065895638,2.5069360828199097,-0.550185459458717,1.3739180489158833,-0.008940045181556087,-1.41120278983482,-0.8953407374348896,-1.3792797805599082,3.4443247316647576,-0.022412121847683226,0.0551991639252313,-0.13784284244180822,0.0008969394065070107,0,3,99
NGA,Nigeria,2012,5.41084098815918,1.688405,0.001723,55,51.06153869628906,15.078683853149414,71.55106353759766,,2633.19734671361,84.0389730913749,2.36619859140522,81.67277449996968,-200.699296979111,-1.1301833589871733,0,81.47523371378581,,111.57068273092368,-0.2780538635436023,7.875954107965085,0.6397110632874758,,,-0.17210478180568647,2.590135147072713,-0.9449780293641127,1.3865963843623275,-0.5444982385711806,-1.3967062544658517,-0.8158513478415348,-2.4476208070674987,3.5914720299408094,-1.4103240252423983,0.4212472449434101,-0.6181095100741889,0.2427235086396604,0,3,99
NGA,Nigeria,2013,5.358613967895508,1.678705,0.001603,59,45.4362907409668,15.553561210632324,66.34846496582031,,2872.79083379398,87.6233751860233,20.1572816262505,67.46609355977279,-169.48946829136,-1.134869188070297,0,83.03660519917806,,108.555,-0.5207854468038104,7.963039252219641,0.5676206318769563,,,-0.22805295538180442,2.1049779532261046,-0.8734691146977848,1.2618157970124662,-0.7616957440086431,-1.4036452125946786,-0.7344954749881333,-1.8386332292627605,2.6560944337436667,-1.6033527482043486,0.4193057417965633,-0.6057301853884035,0.3656493327475398,0,3,99
NGA,Nigeria,2014,5.326765060424805,1.672744,0.001555,59,35.55683898925781,13.323967933654783,54.20757293701172,,3088.72131316169,90.854209832539,16.2996588246613,74.5545510078777,-167.997066876759,-1.1808269818623878,0,100.29158528645831,,98.9696062992126,-0.6866222838802493,8.035512469736158,0.5258432249428227,,,-0.2604756995515661,2.3470482959543064,-0.08321201689985853,0.865198790953089,-0.9100874235702958,-1.4717013028104116,-0.6667902203201739,-0.19530262246773392,2.030663347968174,-2.136019136660108,0.0508715872115384,-0.5289384561157353,0.5563810788770738,0,3,99
NGA,Nigeria,2015,5.458069801330566,1.697095,0.001526,59,38.85416793823242,9.112004280090332,53.42424011230469,,2585.73360671797,87.8732996915055,18.5033074778708,69.3699922136347,-184.449187254776,-1.043066009879113,0,105.95364507039388,,52.31654901960784,-0.5098499600908116,7.857764540382057,0.5443566929613057,,,-0.24610770782329275,2.1699959635667505,0.17610343346740645,-1.0651753260989296,-0.7519106126182147,-1.2676994923685376,-0.8328442363555338,0.3821437397945178,-2.3114261581255744,-1.6316429943445285,-0.0940485198598496,0.5688597935790849,0.4015599173240657,0,3,99
NGA,Nigeria,2016,5.48262882232666,1.701585,0.001548,62,20.865678787231445,8.982978820800781,35.3312873840332,,2070.4127339595,96.4782414446309,28.5835169677021,67.8947244769288,-139.576545726713,-1.05671559770902,0,98.6786880493164,,43.638000000000005,-0.3789014579398476,7.635503254770424,0.6376759699894039,,,-0.17368418354952883,2.1196156700748667,-0.15708074831668867,-1.4242696144027738,-0.6347371998057909,-1.2879123334148717,-1.0404831057314385,-0.3329508155991395,-3.0189041930996074,-1.345398915087796,0.057828290569486275,0.5243359099927545,0.23367451211544574,0,3,99
NGA,Nigeria,2017,5.787234783172607,1.755655,0.001585,63,14.585137367248535,6.964561939239502,27.33693504333496,,1876.34027111773,96.031736150959,27.919442911784,68.112293239175,-151.927044735209,-1.0469840615987782,0,107.37731170654295,,54.1248046875,0.2958228956892415,7.53707849431141,0.7486735573184198,,,-0.087540819431612,2.127045628599619,0.2413056335524858,-0.9903547217944477,-0.030990276979342878,-1.2735014958874564,-1.132432569283153,0.5132680930042764,-2.106529681755872,-0.06591773317800267,-0.0449319094496952,0.18440733449792188,0.005770492377476712,0,3,99
NGA,Nigeria,2018,5.872369766235352,1.770258,0.001515,65,18.10598564147949,6.105371952056885,30.083728790283203,,2057.87944554011,94.1137913236198,29.6471788385035,64.46661248511629,-170.338239044965,-1.0867448399464292,0,98.5529073079427,,71.335,0.4342439583858455,7.629431336223453,0.6957179825939637,,,-0.1286387519663121,2.002545877268172,-0.1628413532628588,-0.2782445725806336,0.09286962256028819,-1.3323808043790053,-1.0461555569573289,-0.3260972806253079,-0.5571975216935925,0.18597567978155632,0.041948747199247856,0.07167719378938585,-0.02392367934318591,0,3,99
NGA,Nigeria,2019,6.035151958465576,1.797601,0.001515,66,22.802902221679688,3.5941250324249268,32.43218231201172,,3189.81286498516,87.0392917835315,15.5172614270174,71.5220303565141,-145.342625520286,-1.0954070836305614,0,90.94625282287598,,64.30062256809337,-0.0488145355872009,8.067717531044092,0.4530704026209502,,,-0.31695346525812546,2.2434879206850447,-0.5112168753969966,-0.5693076007278519,-0.3393736745917349,-1.3452081920535506,-0.6367039077185017,-1.1469088848035134,-1.2772347253871201,-0.7613807395450543,0.3635167453738058,0.404823972159458,0.24132226377959923,0,3,99
NGA,Nigeria,2020,6.057653903961182,1.801323,0.001495,65,23.253623962402344,3.208856105804444,32.52013397216797,,2797.18458068686,88.7002181697857,15.2611102103042,73.4391079594815,-111.878018224454,-1.1003220280011474,0,77.29380416870117,,41.95725490196079,1.642755080402542,7.936368683404559,0.4823871713180139,,,-0.2942012132371329,2.308955991246849,-1.1364824159371796,-1.4938141849798308,1.1742517709808786,-1.3524864330196666,-0.7594114055296873,-2.624087883224844,-3.4491512122187094,2.711295661838523,0.772009838885609,1.014744471273072,-0.7976664731574686,0,3,99
NGA,Nigeria,2021,6.281917095184326,1.837675,0.00164,61,14.365230560302734,3.180453062057495,23.82760238647461,,2787.48779224428,89.147069602161,30.9916053225807,58.1554642795803,-82.2970757618261,-1.0612202485402429,0,82.07023620605469,,70.85533596837945,3.060949399439848,7.932896036294849,0.6496757708839394,,,-0.1643713395258439,1.787020592633641,-0.9177276390220483,-0.2980917398514034,2.443259553912354,-1.2945829957348902,-0.7626555895881809,-1.639998189361453,-0.5326960776084481,4.366155135990261,0.26956869920530063,0.0875599678366635,-0.7176707682803624,0,3,99
NGA,Nigeria,2022,6.491590976715088,1.870508,0.001561,60,16.566730499267578,5.857110977172852,28.915433883666992,,2899.16047470324,90.7270761068365,39.5616830551829,51.16539305165361,-66.2881011856041,-1.1030989487965903,0,157.58319346110025,,100.93130952380952,2.1971575150332874,7.972176482582176,0.6378717482352134,,,-0.17353224333964712,1.5483101326743822,2.540673943863645,0.9463686295641772,1.6703340038445316,-1.356598605440988,-0.7259593766906586,3.933751211105866,1.4652721383993845,2.586195063103059,-0.6826326724032548,-0.2542719612795271,-0.448788231014194,0,3,99
NGA,Nigeria,2023,6.6355462074279785,1.892441,0.001536,65,20.748519897460938,3.297122001647949,30.681188583374023,,2138.76383719983,91.6092141524306,33.4212725275035,58.1879416249271,,-1.0050220092137665,0,121.7112553914388,,82.49386454183266,-0.6133767102773175,7.667983294945769,0.7831911853756923,,,-0.06075226777228097,1.7881296917820182,0.897782817480094,0.18347829282866657,-0.8445468966342577,-1.211362455104277,-1.0101399049318318,1.6053521127078725,0.3280829832044144,-1.5101593819740753,-0.09752878142002565,-0.019931785247163346,0.09174560715251136,0,3,99
NGA,Nigeria,2024,6.272312164306641,1.836145,0.001431,66,17.641559600830078,2.2348520755767822,26.148725509643555,,1084.16041805436,88.6153186443478,37.9573777611274,50.6579408832204,,-1.0050220092137665,1,134.45275115966797,,80.52185039370079,-0.2885998458276854,6.988561158185594,1.102939570874157,,,0.18739908633296223,1.530980675422207,1.481327823992613,0.10188181679925232,-0.5539348393370358,-1.211362455104277,-1.644863329290808,2.267884272497919,0.15597909269656088,-0.8480635344681068,0.42499944057500477,0.029230339458379932,-0.15892633151162583,0,3,99
PAK,Pakistan,2011,11.72127914428711,2.461406,0.003982,41,8.819791793823242,42.5302848815918,63.07135772705078,13.4825548617217,1131.73513834324,5.21587114782379,34.1287051270318,-28.91283397920801,23.0335362134322,-1.1851325233777363,0,90.0953877766927,,111.2642741935484,0.3204653871614673,7.031507254657717,1.9227218053498007,-0.057765,0.166248,0.8236183161483692,-1.18635590776434,-0.550185459458717,1.3739180489158833,-0.008940045181556087,-1.4780771163040214,-1.6047426267985097,0.6527157701948867,-1.6299557941154137,0.010606075416819185,0.5375886635713985,-1.342461446545615,0.00873535797574323,1,3,103
PAK,Pakistan,2012,11.513794898986816,2.443546,0.003666,43,8.008976936340332,41.35703659057617,60.87981033325195,11.8739641473238,1204.36475491585,1.35053487428845,36.3966048300707,-35.04606995578225,23.0901671614358,-1.1631268560886376,0,81.47523371378581,,111.57068273092368,-0.2780538635436023,7.093707532575813,1.8193066587418785,0.398617,0.115768,0.743359556981401,-1.39580550180531,-0.9449780293641127,1.3865963843623275,-0.5444982385711806,-1.445490267486617,-1.5466344621388852,1.3190055324715682,-1.9354188620762869,0.7600136371209542,0.9804953682740818,-1.4387121078864757,0.5649634005900558,1,3,103
PAK,Pakistan,2013,14.127653121948242,2.648134,0.004227,40,8.174903869628906,42.01865005493164,64.32120513916016,12.1774992040696,1225.4340119198,2.10463441086617,34.8300587014437,-32.72542429057753,23.7426301554015,-1.1209317247072847,0,83.03660519917806,,108.555,-0.5207854468038104,7.111050355675752,1.9967953998011267,0.401638,0.153074,0.8811055892674619,-1.3165556091961628,-0.8734691146977848,1.2618157970124662,-0.7616957440086431,-1.3830060742517305,-1.5304326113741513,1.149970662414975,-1.661250665329089,1.0028148042754237,1.01324557814744,-1.46373724639575,0.8835857290472316,1,3,103
PAK,Pakistan,2014,11.159151077270508,2.41226,0.003258,43,7.377602100372314,40.6706657409668,59.20742034912109,11.1949717426146,1266.61340849959,2.64194644110697,31.2592036828658,-28.61725724175883,26.3454371170871,-1.0264920691649115,0,100.29158528645831,,98.9696062992126,-0.6866222838802493,7.144102010241037,1.739219304694803,0.240563,0.135517,0.6812051059979942,-1.1762619821591385,-0.08321201689985853,0.865198790953089,-0.9100874235702958,-1.243156155724079,-1.4995554022999158,0.09787913193808732,-1.0177004448081706,1.0705012367868996,0.06667576444687644,-0.6932627393797557,0.7292309084764038,1,3,103
PAK,Pakistan,2015,10.578994750976562,2.35887,0.002958,45,7.554346084594727,39.10588073730469,57.23922348022461,9.97457095124036,1380.47020838317,1.21065579156664,22.9026747369492,-21.69201894538256,29.0045925555989,-1.0267000496387475,0,105.95364507039388,,52.31654901960784,-0.5098499600908116,7.230179450828166,1.5444734435032583,0.021096,0.145774,0.5300661124867804,-0.9397655624301248,0.17610343346740645,-1.0651753260989296,-0.7519106126182147,-1.2434641413065575,-1.4191409369867196,-0.16549594219837327,1.001015089418052,0.7066196997643361,-0.08772379071342863,0.5306041769884337,0.3745551572606576,1,3,103
PAK,Pakistan,2016,10.663769721984863,2.366852,0.003011,46,7.434554100036621,37.32575988769531,55.4240837097168,8.73671639116568,1424.69161195897,0.761514396551207,20.3598805342604,-19.5983661377092,33.3820988770975,-1.0420556366443632,0,98.6786880493164,,43.638000000000005,-0.3789014579398476,7.26171065662178,1.5042092805640777,0.376246,0.114516,0.4988177715774255,-0.8682674605627223,-0.15708074831668867,-1.4242696144027738,-0.6347371998057909,-1.2662032923479978,-1.3896841474112056,0.1363881024442234,1.236646961254144,0.5511216566000674,0.06803280933090114,0.616861481440787,0.2749092766133048,1,3,103
PAK,Pakistan,2017,11.064417839050291,2.403734,0.00303,47,6.647181987762451,40.70726013183594,58.41886138916016,8.22161134395559,1519.23459514248,1.2032443709099,23.9682688692301,-22.7650244983202,39.1478409126632,-0.97863844037056,0,107.37731170654295,,54.1248046875,0.2958228956892415,7.325961931186192,1.5073503890446802,-0.166574,0.187295,0.5012555331368399,-0.976408629536117,0.2413056335524858,-0.9903547217944477,-0.030990276979342878,-1.1722926392308424,-1.3296599197558923,-0.2356129029563271,0.966990896661939,0.030259173874344854,-0.11810227128529227,0.4847095374447511,0.015167578332665067,1,3,103
PAK,Pakistan,2018,11.79040813446045,2.467286,0.003041,47,7.0505900382995605,33.34475326538086,52.18575286865234,8.58179960556073,1569.33814626355,2.13426606062679,28.65417591,-26.51990984937321,35.5257059693009,-0.981406271457673,0,98.5529073079427,,71.335,0.4342439583858455,7.35840924657028,1.533825130524781,-0.087879,0.173412,0.5218021355462047,-1.1046377104735374,-0.1628413532628588,-0.2782445725806336,0.09286962256028819,-1.1763913512582,-1.299347290806162,0.17988069963869685,0.3073594476071591,-0.10258728723753832,0.09386213321501742,0.16038081614171742,-0.053530265560439404,1,3,103
PAK,Pakistan,2019,12.707284927368164,2.542175,0.003191,47,6.766707897186279,29.85412979125977,49.328125,9.3908635386027,1390.41690981745,1.59922046539897,28.8143249195913,-27.21510445419233,33.5162433021545,-1.014727274576823,0,90.94625282287598,,64.30062256809337,-0.0488145355872009,7.237358916273659,1.6422814759574909,0.094371,0.190136,0.6059732844903241,-1.1283785592383633,-0.5112168753969966,-0.5693076007278519,-0.3393736745917349,-1.2257343898865223,-1.4124338036066377,0.5768461613188008,0.6423944902727429,0.38294197797925095,0.34955336301998907,0.3892738992090615,0.23205260816530804,1,3,103
PAK,Pakistan,2020,13.037700653076172,2.567845,0.003218,47,6.634202003479004,28.2364444732666,47.908348083496094,9.29855944234725,1278.39735206896,0.873349137853699,22.5442842489681,-21.670935111114403,38.9537236935755,-0.9294506510098772,0,77.29380416870117,,41.95725490196079,1.642755080402542,7.153362503724633,1.6633348721987948,0.071525,0.24934,0.6223124718724569,-0.9390455509149703,-1.1364824159371796,-1.4938141849798308,1.1742517709808786,-1.0994534458311973,-1.4909041502768499,1.0672087563789052,1.4027595642989825,-1.1026759011936187,0.6641373191860871,0.8729547719016304,-0.6862089657459899,1,3,103
PAK,Pakistan,2021,13.26327896118164,2.584999,0.003463,44,6.336258888244629,25.482255935668945,45.08179473876953,9.05159988878188,1455.31922370186,0.708780532335282,26.5324535784544,-25.82367304611912,41.5848203083345,-0.8707940578460699,0,82.07023620605469,,70.85533596837945,3.060949399439848,7.282980553274667,1.7384946535339507,0.025814,0.157167,0.680642716397374,-1.080861270702602,-0.9177276390220483,-0.2980917398514034,2.443259553912354,-1.0125924791328649,-1.3698135825460993,0.9919362620722699,0.32219581672173736,-2.6408246260979795,0.6751541919099272,0.21930023590535375,-1.797458047036408,1,3,103
PAK,Pakistan,2022,14.27204418182373,2.658303,0.003432,46,6.984044075012207,25.48433494567871,46.74042510986328,10.5405902721041,1538.3228133171,1.19408655456312,35.3089464121397,-34.114859857576576,39.7925509388676,-0.9482585589090988,0,157.58319346110025,,100.93130952380952,2.1971575150332874,7.338448019665027,1.7602360225780722,,,0.697515827922206,-1.3640047398941446,2.540673943863645,0.9463686295641772,1.6703340038445316,-1.1273049280531073,-1.3179952824010857,-3.4654913019555615,-1.2908512964126637,-2.2783434984503055,-2.417235034640737,-0.9003892107417321,-1.58918065161274,1,3,103
PAK,Pakistan,2023,14.893031120300291,2.700893,0.003447,45,7.4577789306640625,27.19824981689453,49.5490608215332,10.4939587511564,1360.32417758419,0.583319121620756,33.4577472562169,-32.874428134596144,,-1.038318773110707,0,121.7112553914388,,82.49386454183266,-0.6133767102773175,7.2154783161961955,1.837906159458672,,,0.7577943172425312,-1.321644080397898,0.897782817480094,0.18347829282866657,-0.8445468966342577,-1.2606695993487018,-1.432874894140459,-1.1865493462055128,-0.24249299959851925,1.116190406555082,-0.8991603516823784,-0.1837598170668533,0.8458427470480717,1,3,103
PAK,Pakistan,2024,14.38619613647461,2.666269,0.003282,45,6.764876842498779,24.906911849975582,46.0579833984375,10.3904527903644,1478.77277977996,1.71807476906982,31.5307261348732,-29.81265136580338,,-1.038318773110707,1,134.45275115966797,,80.52185039370079,-0.2885998458276854,7.298967819927933,1.7670089363363446,,,0.7027721725875066,-1.2170846106959161,1.481327823992613,0.10188181679925232,-0.5539348393370358,-1.2606695993487018,-1.3548781071070901,-1.802901297977078,-0.12399879133611065,0.6741855682854211,-1.2670288621401866,-0.08714289998550337,0.47379885655108817,1,3,103
PHL,Philippines,2011,4.167274951934815,1.427262,0.001416,68,19.15748786926269,3.749648094177246,27.07441139221192,29.1054288781405,2383.91892522087,2.92009931957312,20.1127949915912,-17.192695672018083,41.6057341892919,-0.4291494650145365,0,90.0953877766927,0.0204131393887413,111.2642741935484,0.3204653871614673,7.776501019729808,0.447222407868894,0.039855,0.182309,-0.3214919958100806,-0.78611397676398,-0.550185459458717,1.3739180489158833,-0.008940045181556087,-0.3585879725412928,-0.9087614861964364,0.4325084794928095,-1.0800561811810734,0.007027894470122713,-0.13904801427692665,0.3472294172749173,-0.00225941181954238,0,3,108
PHL,Philippines,2012,4.741535186767578,1.556361,0.00151,62,18.012971878051758,3.861274957656861,26.615781784057617,27.4670738577233,2614.61644401308,2.4289829487911,21.566249935997,-19.1372669872059,42.9068252162772,-0.3446736618255575,0,81.47523371378581,0.0290730854418749,111.57068273092368,-0.2780538635436023,7.868872690411539,0.4712603238563586,0.284839,0.144932,-0.30283657275654946,-0.8525209557397503,-0.9449780293641127,1.3865963843623275,-0.5444982385711806,-0.23349291447814718,-0.8224668838326574,0.8056135727465592,-1.1821024748218536,0.46419615874531345,-0.24396925333672712,0.35798386212208544,-0.1405755738011859,0,3,108
PHL,Philippines,2013,5.122084140777588,1.633561,0.001533,61,21.76868057250977,4.034142017364502,30.92490768432617,26.1774198090007,2781.27957677397,3.76691271607425,20.6032526461478,-16.83633993007355,43.9797805761775,-0.2829977711662655,0,83.03660519917806,0.0367292952723801,108.555,-0.5207854468038104,7.930666380203703,0.4963396696949529,0.013177,0.233748,-0.2833729134788992,-0.7739444522634501,-0.8734691146977848,1.2618157970124662,-0.7616957440086431,-0.14216085450518065,-0.7647385581474095,0.6760165755438177,-0.9765753358761818,0.5895101953881704,-0.19156478657187997,0.2767349981588682,-0.16705122159266098,0,3,108
PHL,Philippines,2014,5.424170017242432,1.690865,0.001584,57,26.409957885742188,3.940092086791992,35.77421951293945,27.3545041909285,2866.83803761407,2.97281997503875,20.0676285608451,-17.09480858580635,43.8392582610698,-0.1614812538027762,0,100.29158528645831,0.0389065359874318,98.9696062992126,-0.6866222838802493,7.960964972349751,0.5320425940039917,0.205091,0.123567,-0.2556644732971191,-0.7827711393862549,-0.08321201689985853,0.865198790953089,-0.9100874235702958,0.037785535127964925,-0.7364332894202238,0.06513596527933056,-0.6772526433899596,0.7123901694892216,-0.016652952255839487,0.17314944036137567,-0.18213285746450725,0,3,108
PHL,Philippines,2015,5.710903167724609,1.742377,0.001597,57,28.577354431152344,3.156572103500366,37.44483184814453,27.2080572390451,2909.85818010301,1.32069608642356,11.8198414620728,-10.49914537564924,49.3367264630033,-0.2319746520370245,0,105.95364507039388,0.0372228318980584,52.31654901960784,-0.5098499600908116,7.975859623618142,0.484269687438011,-0.039277,0.148193,-0.2927402240797553,-0.5575296865749135,0.17610343346740645,-1.0651753260989296,-0.7519106126182147,-0.06660383333360907,-0.7225185469557122,-0.09818289206584925,0.5938668657072675,0.4192124881853845,0.02874208182415514,-0.17384871934068746,-0.12272035772842123,0,3,108
PHL,Philippines,2016,6.299235820770264,1.840428,0.001778,55,32.04023361206055,2.7352969646453857,41.07476806640625,26.6730033435157,2985.19564024046,1.3324937999703,9.71415342433067,-8.38165962436037,47.8208374406454,-0.3391110664233558,0,98.6786880493164,0.062980786897242,43.638000000000005,-0.3789014579398476,8.001420564798059,0.5420021958347812,-0.01616,0.185594,-0.24793499351630147,-0.485217691293963,-0.15708074831668867,-1.4242696144027738,-0.6347371998057909,-0.22525560665091615,-0.6986392424147683,0.07621835804495175,0.6910808140806568,0.30798571866816077,-0.018897198107698257,-0.17134311715832798,-0.07636043716110388,0,3,108
PHL,Philippines,2017,6.857032775878906,1.925275,0.001878,52,32.43610382080078,10.495959281921388,49.78909683227539,29.5522908546692,3038.12124959289,1.50884665872113,11.1908554007887,-9.68200874206757,49.8100381952249,-0.3369923202941814,0,107.37731170654295,0.0989968525245785,54.1248046875,0.2958228956892415,8.01899459335103,0.6214748597504367,0.224034,0.118603,-0.18625759322457888,-0.5296245257701792,0.2413056335524858,-0.9903547217944477,-0.030990276979342878,-0.22211808489859602,-0.682221397043825,-0.1278013817359079,0.5245161498746421,0.016413210748670973,0.02380397777290586,-0.09769511568307335,-0.003057085131135244,0,3,108
PHL,Philippines,2018,7.029323101043701,1.95009,0.001813,55,35.02237319946289,2.603260040283203,44.65495681762695,30.2136053733275,3168.51036609727,1.69571571942116,12.0260514100673,-10.33033569064614,54.0743638042794,-0.3542372159038975,0,98.5529073079427,0.0376163247274234,71.335,0.4342439583858455,8.06101684036853,0.6047793213242423,-0.136554,0.17986,-0.19921472031536186,-0.5517648472422791,-0.1628413532628588,-0.2782445725806336,0.09286962256028819,-0.2476549976730668,-0.6429637645895826,0.08985013440780731,0.15352557408594655,-0.051242193105425535,-0.017899469396349007,-0.03058455430278721,0.010208199167843112,0,3,108
PHL,Philippines,2019,7.127803802490234,1.964003,0.00179,57,34.55606460571289,15.75185489654541,57.43572616577149,28.3829200126393,3400.78949767074,1.47588152909606,12.0026987658659,-10.52681723676984,48.6161448916357,-0.3237949699784319,0,90.94625282287598,0.0388001215178519,64.30062256809337,-0.0488145355872009,8.131762888846074,0.5453368458798287,0.045716,0.143784,-0.2453470275978633,-0.5584746787617795,-0.5112168753969966,-0.5693076007278519,-0.3393736745917349,-0.2025749347691428,-0.5768720497042564,0.2855016802649383,0.3179438794331265,0.18953160389782384,-0.07004698862719816,-0.07800658576185102,-0.04650101565218668,0,3,108
PHL,Philippines,2020,7.431334972381592,2.005706,0.001834,56,36.53390502929688,15.71106243133545,59.67630386352539,25.2028393102032,3227.57910235199,1.08970257001447,8.68447019234166,-7.59476762232719,47.0174525151428,-0.3111113160848618,0,77.29380416870117,0.0379206480768819,41.95725490196079,1.642755080402542,8.079487631282424,0.5689976817060092,-0.090149,0.339274,-0.22698425012714882,-0.45834538261230784,-1.1364824159371796,-1.4938141849798308,1.1742517709808786,-0.18379248630020664,-0.6257081542331256,0.5209014677648865,0.6846828341662733,-0.5382128772534109,-0.11823642905074395,-0.15541221968816252,0.12216584635214067,0,3,108
PHL,Philippines,2021,6.673279762268066,1.898111,0.001742,55,33.27069854736328,16.363269805908203,56.3072509765625,25.7520349160187,3484.38593882819,1.18141567992806,12.4029154530538,-11.22149977312574,49.9057625438824,-0.3730831425637005,0,82.07023620605469,0.0260776863045369,70.85533596837945,3.060949399439848,8.156047106472293,0.5542627130739597,-0.002395,0.187613,-0.23841981191439957,-0.5821980404231981,-0.9177276390220483,-0.2980917398514034,2.443259553912354,-0.2755627795557422,-0.5541854739575596,0.5342992330808447,0.1735484268078288,-1.4224609245330297,-0.12738752265714293,-0.041377383277562484,0.33914286608274785,0,3,108
PHL,Philippines,2022,6.438538074493408,1.862302,0.001548,62,31.58897018432617,17.28557586669922,55.31308364868164,28.3874015457939,3548.06930572116,1.56831669342497,17.600587372618,-16.032270679193033,54.4250767667774,-0.2738180346786975,0,157.58319346110025,0.0305896863186111,100.93130952380952,2.1971575150332874,8.17415887698197,0.4780279526335493,-0.081313,0.20827,-0.297584329676343,-0.7464855416947068,2.540673943863645,0.9463686295641772,1.6703340038445316,-0.12856714334095798,-0.5372652643012708,-1.89657636525468,-0.7064504990830922,-1.2468801836709738,0.5643914063343091,0.21022859821915998,0.3710520036444422,0,3,108
PHL,Philippines,2023,7.042377948760986,1.951946,0.00163,61,33.38349151611328,16.91301155090332,57.33888244628906,26.6368493470555,3804.08274131097,1.13912732345338,15.8119632733692,-14.67283594991582,,-0.2033881104240814,0,121.7112553914388,0.0588593821351726,82.49386454183266,-0.6133767102773175,8.243830174562001,0.4904184262751621,-0.017878,0.142911,-0.28796829109219735,-0.7000609375771024,0.897782817480094,0.18347829282866657,-0.8445468966342577,-0.024271769619508894,-0.4721775931953462,-0.6285026809457273,-0.12844598570268245,0.5912342922856106,0.18098884297880563,0.03698837100045428,-0.17025672878459203,0,3,108
PHL,Philippines,2024,7.465053081512451,2.010233,0.001703,58,33.88435363769531,17.294546127319336,58.643951416015625,25.7734411549927,3984.8315387656,1.25811696364744,14.972492315058,-13.71437535141056,,-0.2033881104240814,1,134.45275115966797,0.0486756829389681,80.52185039370079,-0.2885998458276854,8.290250316495268,0.532466437523659,0.012135,0.156069,-0.2553355354569164,-0.6673295729226282,1.481327823992613,0.10188181679925232,-0.5539348393370358,-0.024271769619508894,-0.4288114002896934,-0.9885338641433966,-0.0679887492932265,0.36965709976174876,0.25240782351834884,0.017359943705832034,-0.09438659350311689,0,3,108
POL,Poland,2011,17.407142639160156,2.856881,0.005914,27,59.26889801025391,9.736968994140623,86.41300964355469,42.31819097341,13867.6669408192,4.90163237623958,12.7922817423534,-7.890649366113819,34.2367307395745,0.8353363275527949,0,90.0953877766927,0.0237119326290364,111.2642741935484,0.3204653871614673,9.53731529013486,0.860437561532092,,,-0.0008026520359863065,-0.4684497241633171,-0.550185459458717,1.3739180489158833,-0.008940045181556087,1.5139118163908094,0.7362100313656309,0.25773422672210383,-0.6436115310376483,0.004187961699307541,-0.00020687090182185298,0.0005165961057716324,-3.36147598458187e-06,0,3,109
POL,Poland,2012,19.17211532592773,2.953457,0.006104,27,63.08367538452149,10.831684112548828,93.08747863769533,44.0229016385965,13087.420943321,4.99907074685297,13.6525783606561,-8.65350761380313,31.7023740378027,0.8742739558219914,0,81.47523371378581,0.0269651816925033,111.57068273092368,-0.2780538635436023,9.4794068145356,0.9355042503293558,,,0.05745534493309405,-0.494501281758624,-0.9449780293641127,1.3865963843623275,-0.5444982385711806,1.5715721722003866,0.6821113143190534,0.46729284675429233,-0.6856736893490446,0.2692550768887619,0.026848471695035327,-0.03939561833309654,0.015470143317630575,0,3,109
POL,Poland,2013,21.30721092224121,3.059046,0.006376,26,60.90077972412109,19.999982833862305,102.20796966552734,45.7672881629144,13621.9023794031,4.69900703686589,11.6332653031468,-6.93425826628091,26.501210908399,0.8614218036333717,0,83.03660519917806,0.0221103896813777,108.555,-0.5207854468038104,9.519434245383213,1.004553564411038,,,0.1110433584040485,-0.43578903274862163,-0.8734691146977848,1.2618157970124662,-0.7616957440086431,1.5525402048963868,0.719505368179351,0.38064826062994245,-0.5498854856869937,0.3319386515302683,0.042268461231008365,-0.06106113106832512,0.03685958265003214,0,3,109
POL,Poland,2014,21.279714584350582,3.057754,0.006214,27,66.00142669677734,7.095805168151856,94.37694549560548,46.2206720325579,14262.2841914116,4.1379157284687,10.797970543998,-6.6600548155293,29.6785766174547,0.8889733155568439,0,100.29158528645831,0.1371226826061805,98.9696062992126,-0.6866222838802493,9.565373862866483,0.978020155280814,,,0.09045122501632538,-0.4264250034394743,-0.08321201689985853,0.865198790953089,-0.9100874235702958,1.5933395563519033,0.7624226500061801,0.03548368459272777,-0.368942397408,0.3880840327261857,0.003209542739505138,-0.03337129180601355,0.03510267616935921,0,3,109
POL,Poland,2015,22.285051345825195,3.103916,0.006232,26,68.0337142944336,5.191232204437256,95.51000213623048,47.1616367257527,12637.5220324406,3.30871603888815,7.52239865882943,-4.21368261994128,30.1532074780427,0.8493095934391013,0,105.95364507039388,0.0691659844014793,52.31654901960784,-0.5098499600908116,9.44442560674486,0.9967348062851142,,,0.10497535148246655,-0.342881558315873,0.17610343346740645,-1.0651753260989296,-0.7519106126182147,1.5346039725040683,0.6494314959913358,-0.06038261969207999,0.3652289756924192,0.2578162825687762,-0.0063386867256082025,0.03834004009489293,0.027064354880560196,0,3,109
POL,Poland,2016,26.94681930541992,3.293865,0.007607,24,65.87760925292969,4.744770050048828,97.56919860839844,49.906428862355,12464.0110508476,2.55309338877162,6.24244491401762,-3.689351525246,31.1609310618477,0.7085889577865602,0,98.6786880493164,0.0948727928722898,43.638000000000005,-0.3789014579398476,9.430600654731414,1.169371712796016,,,0.2389559564273076,-0.3249756868727323,-0.15708074831668867,-1.4242696144027738,-0.6347371998057909,1.3262193768790103,0.6365160780077295,0.05104742407869869,0.46285299623250303,0.20627415749056163,0.012198086043875817,0.11060148039998277,0.049290438589394234,0,3,109
POL,Poland,2017,28.328350067138672,3.343863,0.007758,24,67.23677825927734,4.812501907348633,100.37763214111328,51.6925275786294,13913.3402919927,2.54767073398979,7.39999192359435,-4.85232118960456,38.8223890800057,0.6235628624757131,0,107.37731170654295,0.0760000105947256,54.1248046875,0.2958228956892415,9.54060339210618,1.1685056074726297,,,0.2382837866258526,-0.36469102230287487,0.2413056335524858,-0.9903547217944477,-0.030990276979342878,1.200309424818553,0.7392818113827343,-0.08800199818769895,0.36117347593369636,0.011301875793045804,-0.020969449358806323,0.0860617834743024,0.0026930537599420146,0,3,109
POL,Poland,2018,31.412273406982425,3.447199,0.008102,22,71.80746459960938,5.16876220703125,108.38849639892578,52.232575443975,15658.2120316794,2.59802361348933,8.79705713817127,-6.199033524681941,44.0700547719943,0.6019417842229207,0,98.5529073079427,0.0741718830540776,71.335,0.4342439583858455,9.65875078880416,1.189413179739674,,,0.2545098024696299,-0.4106811575184899,-0.1628413532628588,-0.2782445725806336,0.09286962256028819,1.1682920904184255,0.8496563725779795,0.06687587544986817,0.11426980314065209,-0.038139804091364415,0.01702056585072952,0.029082785025570858,-0.00970695400552354,0,3,109
POL,Poland,2019,32.16923141479492,3.47101,0.008078,21,78.66256713867188,6.018441200256348,116.8502426147461,52.6128934811742,15874.5220531254,2.23921588032246,8.1260493371942,-5.88683345687174,45.8816709962173,0.6251860012610747,0,90.94625282287598,0.0706472601741552,64.30062256809337,-0.0488145355872009,9.672470716417932,1.1710573057361016,,,0.24026411681066784,-0.4000195463050675,-0.5112168753969966,-0.5693076007278519,-0.3393736745917349,1.2027130319218216,0.8624736756445189,0.20449674255980077,0.22773416815118183,0.1357561033380694,0.04913322924178904,0.054716348778455826,0.032617320270179,0,3,109
POL,Poland,2020,31.923564910888672,3.463344,0.00788,22,76.59683227539062,5.945027828216553,114.46542358398438,52.4338855199248,16150.9304813473,1.58025447472635,5.29104063156115,-3.7107861568348,43.0494743694639,0.5708820521831511,0,77.29380416870117,0.0595132174591223,41.95725490196079,1.642755080402542,9.689732941935231,1.1111985392492878,,,0.193808733038781,-0.3257076780926755,-1.1364824159371796,-1.4938141849798308,1.1742517709808786,1.122297630037283,0.878600231285824,0.370161048888053,0.4865467496916831,-0.3824628178223941,0.07174044390529982,0.094297009121882,-0.07412463415660031,0,3,109
POL,Poland,2021,32.83369064331055,3.491455,0.008573,20,77.07192993164062,6.5313401222229,116.43695831298828,57.0379760723016,18635.5104895754,2.21476888193242,6.24747395901758,-4.0327050770851605,41.1011116173524,0.521472786863645,0,82.07023620605469,0.1541427969932556,70.85533596837945,3.060949399439848,9.832824205666151,1.1955688339547246,,,0.2592871023658815,-0.3367011874600106,-0.9177276390220483,-0.2980917398514034,2.443259553912354,1.0491304664156014,1.0122776197563177,0.3089999858235956,0.10036784277998809,-0.8226483930753054,0.08011971095529856,0.02602408712513747,-0.21330211810644462,0,3,109
POL,Poland,2022,36.98088455200195,3.610401,0.008893,20,83.53185272216797,6.009810924530029,126.52255249023438,62.3525162455456,18891.2121169279,3.73795572839486,9.7218131399845,-5.983857411589639,46.8418755101648,0.5032693694035214,0,157.58319346110025,0.6736554565529028,100.93130952380952,2.1971575150332874,9.84645212555858,1.2825291357604964,,,0.32677553272296467,-0.40333290780061914,2.540673943863645,0.9463686295641772,1.6703340038445316,1.0221741371691346,1.0250089682258559,-1.024737409551791,-0.38170161121340657,-0.6737006707688655,-0.3348591129074373,-0.12473074734547487,-0.22014889558631467,0,3,109
POL,Poland,2023,41.44664001464844,3.724407,0.009593,18,89.726806640625,6.13507604598999,137.3085174560547,57.8812710195434,22145.2660647429,3.05116286755385,8.90200853308167,-5.85084566552782,48.8193550583318,0.5686346689860027,0,121.7112553914388,0.219945748647054,82.49386454183266,-0.6133767102773175,10.005379030949513,1.271302591452843,,,0.3180628001550622,-0.39879056566316734,0.897782817480094,0.18347829282866657,-0.8445468966342577,1.1189696175067776,1.1734801824455292,-0.35802731762555884,-0.0731694121840562,0.33679733463784817,-0.11387517117599111,-0.023272468124960845,0.10712270333967551,0,3,109
POL,Poland,2024,38.44831085205078,3.649315,0.00877,18,92.3719711303711,6.501077175140381,137.3213653564453,52.1798133919011,25103.565661423,2.58269731161847,7.58922167826352,-5.00652436664505,,0.5686346689860027,1,134.45275115966797,0.1640870769818624,80.52185039370079,-0.2885998458276854,10.130765173254584,1.1372942194926403,,,0.21406115238591938,-0.3699570503758724,1.481327823992613,0.10188181679925232,-0.5539348393370358,1.1189696175067776,1.2906172571816286,-0.5480276724040166,-0.03769189642998639,0.20493209926156253,-0.11731143509417691,-0.008068370785413607,0.043868001328795696,0,3,109
SAU,Saudi Arabia,2011,32.308921813964844,3.475343,0.010976,16,110.3115234375,37.40592956542969,180.02638244628906,55.2733461365779,27126.7498747702,88.7250786188123,0.258549776750607,88.46652884206169,-194.479146834173,-0.4883685562138756,0,90.0953877766927,0.2292206122850378,111.2642741935484,0.3204653871614673,10.208275600274249,1.1840776305894851,-0.031082,0.231989,0.25036897234643657,2.822141398650212,-0.550185459458717,1.3739180489158833,-0.008940045181556087,-0.44628190822907465,1.3630283268239087,-1.5527011620738331,3.8773910041982416,-0.025230071612672784,-0.38874819430954344,0.9707784011064314,-0.006316827101891886,1,3,115
SAU,Saudi Arabia,2012,38.2637825012207,3.644504,0.012183,15,142.0305633544922,37.53577423095703,217.8301239013672,53.1198476436365,28733.4375513452,88.6274591343223,0.430899533228143,88.19655960109415,-198.404746766711,-0.3549133570243913,0,81.47523371378581,0.2184421438723802,111.57068273092368,-0.2780538635436023,10.265816795054077,1.2644930380396977,0.057975,0.151139,0.31277802006871486,2.8129219673189914,-0.9449780293641127,1.3865963843623275,-0.5444982385711806,-0.2486562537669312,1.4167839262021071,-2.6581494574321236,3.9003874293778784,-1.5316310564433708,-0.8314107243423483,1.2199554576617173,-0.47906052931011156,1,3,115
SAU,Saudi Arabia,2013,31.55398178100586,3.4517,0.009442,19,147.39010620117188,39.295536041259766,218.2396240234375,50.3725164415794,27865.465604962,87.5705430575713,1.34421828098583,86.22632477658547,-196.871813635467,-0.3409481880565483,0,83.03660519917806,0.1858817636966705,108.555,-0.5207854468038104,10.235143409175432,1.0719862083012837,0.227144,0.117798,0.1633767012798063,2.745638581234567,-0.8734691146977848,1.2618157970124662,-0.7616957440086431,-0.2279760878857517,1.3881285211627363,-2.398230500831039,3.4644901346886723,-2.091341221912299,-0.39181498813439297,0.5660169698218671,-0.3416764300865108,1,3,115
SAU,Saudi Arabia,2014,43.10073471069336,3.76354,0.012585,16,141.0704345703125,38.88363265991211,223.05479431152344,45.0958458227862,27805.4850319422,85.1657914409074,1.52108461319454,83.64470682771285,-172.635167721495,-0.294589417055249,0,100.29158528645831,0.1978543779502312,98.9696062992126,-0.6866222838802493,10.232988583524264,1.383614257544444,-0.023986,0.230557,0.40522599874009624,2.6574765027778575,-0.08321201689985853,0.865198790953089,-0.9100874235702958,-0.15932621500830504,1.3861154600006025,-0.22113397966012804,2.2992454571896457,-2.4185359436117,-0.08960923776314751,0.9317140367383033,-0.9800536432388723,1,3,115
SAU,Saudi Arabia,2015,48.17102813720703,3.874758,0.013471,16,125.53482818603516,39.35596466064453,213.06182861328125,31.4401316153804,23256.1549553531,78.4307733758804,0.699385840163556,77.73138753571685,-175.630386958295,-0.3663999764248721,0,105.95364507039388,0.3855688422918319,52.31654901960784,-0.5098499600908116,10.054325105243391,1.5002238178555238,-0.187035,0.271675,0.49572472087656955,2.4555370486505774,0.17610343346740645,-1.0651753260989296,-0.7519106126182147,-0.2656660869571277,1.2192061283690512,0.43242850527378857,-2.615577476544382,-1.8463443665575785,0.214365500075921,-1.296606414491006,-0.9152785457537822,1,3,115
SAU,Saudi Arabia,2016,38.49065780639648,3.650416,0.010866,17,84.94889831542969,43.50627899169922,166.94583129882812,29.1430897114591,22267.7217050387,77.5498175972453,1.24627700192479,76.3035405953205,-188.313378451395,-0.2344623357057563,0,98.6786880493164,0.2692321315407753,43.638000000000005,-0.3789014579398476,10.010893451696951,1.2606051514552878,0.042304,0.231287,0.3097606965597161,2.4067761721473877,-0.15708074831668867,-1.4242696144027738,-0.6347371998057909,-0.07028769215749706,1.1786318132664806,-0.3780582021516872,-3.427898170658144,-1.527670368068133,-0.11710757203862059,-1.0618281250788433,-0.47321223732642276,1,3,115
SAU,Saudi Arabia,2017,42.80181121826172,3.75658,0.011721,17,81.27516174316406,43.91409683227539,167.99107360839844,32.3625378991189,23929.2907135982,79.8468152028451,2.251505422122,77.5953097807231,-170.01284446789,-0.2889279266819352,0,107.37731170654295,0.3251268106202284,54.1248046875,0.2958228956892415,10.082858540412923,1.3348972806304058,0.002795,0.135503,0.36741757080922094,2.4508900025153384,0.2413056335524858,-0.9903547217944477,-0.030990276979342878,-0.15094245965780217,1.245862368576195,0.5914135648244172,-2.4272504865898714,-0.0759537600238527,0.21729573533140908,-0.8918144775283501,-0.027906746001790477,1,3,115
SAU,Saudi Arabia,2018,46.85031127929688,3.846958,0.012084,16,89.25255584716797,39.10919952392578,175.21206665039062,35.5209831625769,29360.0658968566,80.9954096508223,3.0498762818163,77.945533369006,-186.869965836857,-0.2866674760977418,0,98.5529073079427,0.3560729033003251,71.335,0.4342439583858455,10.287390727169278,1.2949367501773996,0.079221,0.15976,0.3364048739750569,2.4628501143828094,-0.1628413532628588,-0.2782445725806336,0.09286962256028819,-0.14759509643183838,1.4369385242467718,-0.4010538455096833,-0.6852746774066094,0.22872396054529412,-0.13491646835589696,-0.23052974149126823,0.07694385512231555,1,3,115
SAU,Saudi Arabia,2019,55.55567932128906,4.017386,0.01395,16,109.36631774902344,42.12764358520508,207.0496368408203,32.159204977113,29566.7933827436,80.0531128894226,2.82132536769233,77.23178752173027,-177.715405473393,-0.2862453684210783,0,90.94625282287598,0.3969418623795112,64.30062256809337,-0.0488145355872009,10.294407165395246,1.427989746146611,0.069404,0.141856,0.43966507047627673,2.43847574194201,-0.5112168753969966,-0.5693076007278519,-0.3393736745917349,-0.14697002295129397,1.4434933558553296,-1.2465899495269672,-1.3882427740780743,-0.827554472945667,-0.5480820580137923,-0.6103618571032184,-0.36384679567061473,1,3,115
SAU,Saudi Arabia,2020,50.76420974731445,3.927192,0.01253,16,100.35619354248048,42.99499130249024,194.1154022216797,23.8098115262185,24338.8307301067,72.5938015741335,3.08774435181121,69.50605722232228,-167.391802328969,-0.2399210495253396,0,77.29380416870117,0.1782044408222039,41.95725490196079,1.642755080402542,10.099828326361587,1.3949388486712442,0.03517,0.23636,0.41401482379834564,2.1746425744164957,-1.1364824159371796,-1.4938141849798308,1.1742517709808786,-0.0783711680930056,1.2617157240457957,-2.471443046772707,-3.2485119249244185,2.553577894258987,-1.0232140575372488,-1.3449320922044077,1.057219101946985,1,3,115
SAU,Saudi Arabia,2021,49.03828048706055,3.892601,0.012804,16,74.13372802734375,38.78548431396485,161.95748901367188,29.1556614026837,31920.7653655643,76.6076971781348,4.83660216983911,71.77109500829569,-159.988472996237,-0.1527499854564671,0,82.07023620605469,0.12571989869078,70.85533596837945,3.060949399439848,10.371012028894215,1.340383584451616,0.261064,0.118207,0.3716753991017508,2.2519934617085533,-0.9177276390220483,-0.2980917398514034,2.443259553912354,0.05071513720943931,1.515058438374537,-2.06671664270688,-0.6713006491346875,5.502204540667578,-0.7681477330083102,-0.24950593668439933,2.0450340685920874,1,3,115
SAU,Saudi Arabia,2022,61.62995910644531,4.121148,0.01482,16,94.8880844116211,40.47091293334961,196.98895263671875,35.9850098955522,38510.2276211037,82.1937028956426,7.51651955072706,74.67718334491555,-178.200448812201,-0.0320224662621816,0,157.58319346110025,0.21413254737854,100.93130952380952,2.1971575150332874,10.5586791374927,1.4357688867276326,-0.073861,0.175786,0.4457023308863527,2.351236181975157,2.540673943863645,0.9463686295641772,1.6703340038445316,0.22949314763738846,1.6903790577131794,5.97372450341372,2.2251361633175377,3.9273497458226934,2.6625029352444147,0.9917483745301425,1.7504289359190992,1,3,115
SAU,Saudi Arabia,2023,63.583778381347656,4.152358,0.014716,16,142.54808044433594,42.40237808227539,248.53424072265625,30.2425196271434,36156.848337701,81.3099851483006,7.37207884290405,73.93790630539655,,0.105701461434364,0,121.7112553914388,0.2899487782269716,82.49386454183266,-0.6133767102773175,10.495621651905047,1.4580121736366412,0.132864,0.106676,0.46296497244001394,2.32598992104496,0.897782817480094,0.18347829282866657,-0.8445468966342577,0.43344010145731426,1.6314700804836233,2.0882337847460457,0.4267686598500142,-1.9644075694210834,0.9667790966032591,0.19757894084572353,-0.9094518962379866,1,3,115
SAU,Saudi Arabia,2024,62.08857727050781,4.128562,0.014163,16,118.36339569091795,40.64399337768555,221.0959625244141,29.1092122693749,35121.6628687742,79.3976376511523,5.65008152666347,73.74755612448882,,0.105701461434364,1,134.45275115966797,0.2709872213502725,80.52185039370079,-0.2885998458276854,10.466573394827885,1.4587642802116116,0.005758,0.119727,0.46354866972661457,2.3194894752331527,1.481327823992613,0.10188181679925232,-0.5539348393370358,0.43344010145731426,1.6043328881460344,3.435924297120894,0.23631380178349795,-1.284846029807222,1.5927181372117436,0.10954294845477935,-0.5955886679206599,1,3,115
SGP,Singapore,2011,17.209110260009766,2.845439,0.005847,28,148.93341064453125,9.608210563659668,175.750732421875,203.327708649538,53891.4570264372,19.4524947487215,32.0199067087738,-12.567411960052304,318.370020905262,1.4716987994809951,0,90.0953877766927,,111.2642741935484,0.3204653871614673,10.894727247608571,0.0827841186484752,-0.186852,0.18353,-0.604326433947625,-0.6281608506335465,-0.550185459458717,1.3739180489158833,-0.008940045181556087,2.4562621388491905,2.0043187951188792,0.3456049662197963,-0.8630415303077839,0.00561578638594861,-0.2088582167901989,0.5215588103596042,-0.0033937681604319443,0,2,118
SGP,Singapore,2012,18.475526809692383,2.916447,0.005883,28,168.06591796875,9.798310279846191,196.3397521972656,196.719612875759,55547.5553077786,18.1822013277449,32.1041100601305,-13.921908732385605,288.091215185,1.5702567237118867,0,81.47523371378581,,111.57068273092368,-0.2780538635436023,10.924994785238486,0.081574089074957,0.179629,0.112769,-0.605265517585867,-0.6744168238552839,-0.9449780293641127,1.3865963843623275,-0.5444982385711806,2.6022105499778223,2.032595052385066,0.6373090811767701,-0.9351439295108613,0.3672187726519723,-0.38574121088063107,0.566010374512673,-0.2222648604964428,0,2,118
SGP,Singapore,2013,20.57056999206543,3.023861,0.006155,27,181.0836334228516,10.93787956237793,212.5920867919922,195.077796338143,56967.4257940383,16.9980670047224,30.125062897521,-13.1269958927986,267.276576719405,1.5451259929686778,0,83.03660519917806,,108.555,-0.5207854468038104,10.950234906163724,0.1610691542242897,0.00011,0.101488,-0.5435707320727556,-0.6472706041133117,-0.8734691146977848,1.2618157970124662,-0.7616957440086431,2.5649959855367097,2.056174643213966,0.5653708815447547,-0.8167362732119788,0.49302326437501287,-0.3073190639739015,0.4439539339402095,-0.26799301674522547,0,2,118
SGP,Singapore,2014,20.61644172668457,3.026089,0.00602,28,163.7513427734375,10.393633842468262,194.76141357421875,191.953535787505,57564.8023114977,16.5313373923587,30.0288415320964,-13.4975041397377,275.189793160703,1.569897068043549,0,100.29158528645831,,98.9696062992126,-0.6866222838802493,10.960666588923074,0.1573885164253741,0.060552,0.086891,-0.5464272132785888,-0.6599234357028068,-0.08321201689985853,0.865198790953089,-0.9100874235702958,2.6016779578625058,2.06592003278048,0.054913560084314667,-0.570964958691677,0.6005880193524251,-0.03000626360807841,0.3119907912576176,-0.3281776377432528,0,2,118
SGP,Singapore,2015,21.68303680419922,3.07653,0.006064,27,149.86029052734375,12.532587051391602,184.075912475586,178.384608499682,55645.6068614606,12.1908650025812,20.9577337187485,-8.7668687161673,277.405757867332,1.5780645757913592,0,105.95364507039388,,52.31654901960784,-0.5098499600908116,10.92675841129577,0.130891205502261,-0.154735,0.125428,-0.5669913314537836,-0.49837255574203176,0.17610343346740645,-1.0651753260989296,-0.7519106126182147,2.6137727213021367,2.034242650703994,-0.0877651182120982,0.5308541495812756,0.37473161370009644,0.04976206123027627,-0.3009897010788534,-0.21246957658964255,0,2,118
SGP,Singapore,2016,22.14027976989746,3.097399,0.006251,26,173.27833557128906,12.677181243896484,208.0957946777344,164.550664245506,57005.5887176547,11.0718628236027,17.485981718323,-6.4141188947203,274.260261369755,1.5902177393436423,0,98.6786880493164,,43.638000000000005,-0.3789014579398476,10.95090458968848,0.1060962982736137,-0.000684,0.143715,-0.5862342427013597,-0.418026308367202,-0.15708074831668867,-1.4242696144027738,-0.6347371998057909,2.6317695990213426,2.056800268722869,0.06566388533438294,0.5953821690283698,0.26533684841814986,-0.038494418091830906,-0.3490334149782393,-0.15554954639317956,0,2,118
SGP,Singapore,2017,22.061899185180664,3.093852,0.006042,27,160.02728271484375,12.583075523376465,194.67225646972656,171.741625509838,61236.251270627,12.8070800638533,22.0850498461686,-9.2779697823153,275.903826650794,1.6066657255093275,0,107.37731170654295,,54.1248046875,0.2958228956892415,11.022494634159038,0.0672479183320358,0.16658,0.083798,-0.616383818194193,-0.5158266226045297,0.2413056335524858,-0.9903547217944477,-0.030990276979342878,2.656126417266862,2.1236804536886456,-0.12447186997082503,0.5108513313236787,0.015985609907833345,0.07672244647038824,-0.31488049413087577,-0.009853271271153237,0,2,118
SGP,Singapore,2018,22.417516708374023,3.109843,0.005782,29,163.870361328125,11.199583053588867,197.48745727539065,178.198251436118,66881.6067035265,13.1200446541319,23.7169373923929,-10.596892738261,273.793180423015,1.61391791080435,0,98.5529073079427,,71.335,0.4342439583858455,11.11067927114715,0.0155250507595479,-0.10336,0.134809,-0.6565250674027231,-0.5608677524011438,-0.1628413532628588,-0.2782445725806336,0.09286962256028819,2.6668657355842744,2.206063484409214,0.09133246380250029,0.15605840804111692,-0.0520875764717314,-0.05996205195399327,-0.10245625685795595,0.03419679965394795,0,2,118
SGP,Singapore,2019,23.38028907775879,3.151893,0.005871,29,169.23574829101562,11.434698104858398,204.0507354736328,176.891299992751,65952.0378959293,12.2634428523157,20.9664439201267,-8.703001067811,269.815306923958,1.6031089251240085,0,90.94625282287598,,64.30062256809337,-0.0488145355872009,11.096683058288658,0.0321316475196571,0.048986,0.098888,-0.6436369664458518,-0.49619147986762024,-0.5112168753969966,-0.5693076007278519,-0.3393736745917349,2.650859368787605,2.1929880727130904,0.25366145793653655,0.2824855809050371,0.16839432582378513,-0.16326589129050442,-0.18181816235841233,-0.10838481303991543,0,2,118
SGP,Singapore,2020,23.92598342895508,3.174965,0.005906,29,162.39971923828125,11.216169357299805,197.5418701171875,181.782024531778,61410.0792630788,8.08880118903498,14.9368140922446,-6.84801290320962,264.429457913529,1.6129663387934352,0,77.29380416870117,,41.95725490196079,1.642755080402542,11.02532925804202,0.0476172924637685,-0.125115,0.237193,-0.6316188173750327,-0.43284375942925274,-1.1364824159371796,-1.4938141849798308,1.1742517709808786,2.6654566107051614,2.1263285896271595,0.4919193214394885,0.6465881477154151,-0.5082675510678214,-0.3107055000515383,-0.4083972411887234,0.3210313495155614,0,2,118
SGP,Singapore,2021,22.013858795166016,3.091672,0.005748,27,149.35691833496094,10.95776081085205,182.3285369873047,182.710806574886,80056.1288247844,10.0411260925957,18.5422923064331,-8.5011662138374,248.668236081717,1.6228100185592969,0,82.07023620605469,,70.85533596837945,3.060949399439848,11.290483277952374,-0.0484204950600135,0.093867,0.114815,-0.706152132006617,-0.48929883324688783,-0.9177276390220483,-0.2980917398514034,2.443259553912354,2.680033514923648,2.3740383099824363,0.4490430630119093,0.1458559405098265,-1.1954840490486265,-0.31709271630864144,-0.10299648335684428,0.8441936100155907,0,2,118
SGP,Singapore,2022,22.65962600708008,3.120585,0.005449,30,168.89511108398438,10.626995086669922,202.1817321777344,186.114290787201,90299.0694637269,12.7477293277122,22.1348301072055,-9.3871007794933,258.425380474946,1.6019573304802173,0,157.58319346110025,,100.93130952380952,2.1971575150332874,11.410882434409864,-0.1090622937218883,0.040049,0.116332,-0.7532152139041611,-0.5195534387817521,2.540673943863645,0.9463686295641772,1.6703340038445316,2.6491540426067104,2.4865164892202216,-1.320015884357553,-0.49168907584524235,-0.8678277756115187,0.9942560466932646,0.3703476924371135,0.6536610836392024,0,2,118
SGP,Singapore,2023,23.70335960388184,3.165617,0.005486,30,214.2731475830078,11.090022087097168,249.0665283203125,181.561322405378,85412.230345235,12.3816136808707,20.6710886667694,-8.2894749858987,279.622693982082,1.6297025072077886,0,121.7112553914388,,82.49386454183266,-0.6133767102773175,11.355244581996212,-0.0713738410131727,-0.003404,0.099562,-0.7239658384640961,-0.4820695921214614,0.897782817480094,0.18347829282866657,-0.8445468966342577,2.6902401804436407,2.434539012630527,-0.43279379663628537,-0.08844930578705734,0.4071303779879226,0.31332792386384783,0.0640342758256942,-0.29474848546423077,0,2,118
SGP,Singapore,2024,24.39626121520996,3.19443,0.005565,30,184.8316650390625,11.184221267700195,220.41213989257807,178.776286814392,90674.066632628,11.1356295723316,19.0872608524441,-7.951631280112499,,1.6297025072077886,1,134.45275115966797,,80.52185039370079,-0.2885998458276854,11.415026670551148,-0.066021329064402,0.156076,0.103902,-0.7198118437976921,-0.47053225240446905,1.481327823992613,0.10188181679925232,-0.5539348393370358,2.6902401804436407,2.490388078932461,-0.6970125175726551,-0.047938680737611664,0.26064420763856316,0.5017178654240442,0.03450683017096916,-0.18761478767550266,0,2,118
THA,Thailand,2011,14.484058380126951,2.673049,0.004921,32,68.87982177734375,34.68342971801758,118.04730987548828,70.8549093801611,5373.6232832898,5.62505333864812,19.2307712563904,-13.605717917742282,44.4812321023071,-0.3220049651960529,0,90.0953877766927,0.0296544635978837,111.2642741935484,0.3204653871614673,8.589257686846684,1.2482649677166886,-0.00723,0.226168,0.30018368712504107,-0.6636189289072537,-0.550185459458717,1.3739180489158833,-0.008940045181556087,-0.19992422600128318,-0.1494755180015135,0.365113485306339,-0.9117580240279023,0.0059327832077667045,0.10960111223833136,-0.2736948854185375,0.0017809247382209379,1,3,133
THA,Thailand,2012,15.608059883117676,2.747787,0.00497,33,75.07756805419922,36.30535888671875,126.9909896850586,68.9512356297981,5725.52802835463,6.50877994657611,19.5044679159473,-12.99568796937119,43.6825522470004,-0.3066934843858088,0,81.47523371378581,0.0491366248267392,111.57068273092368,-0.2780538635436023,8.652690056196338,1.2371248111582165,0.305687,0.1273,0.29153799863901575,-0.6427864474036599,-0.9449780293641127,1.3865963843623275,-0.5444982385711806,-0.17725038913103353,-0.09021632035334003,0.6074190703694694,-0.8912853638870202,0.34999608838871965,0.1770857401106866,-0.25984355120386876,0.10203715914033139,1,3,133
THA,Thailand,2013,16.458160400390625,2.800821,0.004925,32,78.98324584960938,35.36103057861328,130.80242919921875,67.1711410731483,6018.08244729255,6.26560639926067,21.0035367644535,-14.737930365192833,43.0405417053826,-0.3266745979587235,0,83.03660519917806,0.0225378795682142,108.555,-0.5207854468038104,8.702523957211225,1.2486843389108793,-0.06932,0.209405,0.300509154068522,-0.7022839074589363,-0.8734691146977848,1.2618157970124662,-0.7616957440086431,-0.20683919998824918,-0.043660957214648834,0.6134233029146581,-0.8861529284193268,0.5349266633972316,0.18433931784480265,-0.26629706689463545,0.1607503591061991,1,3,133
THA,Thailand,2014,17.92913818359375,2.886427,0.005235,32,81.9450912475586,35.594120025634766,135.46835327148438,68.3941351612178,5801.1978916205,5.26621612167818,21.3058426358869,-16.03962651420872,44.024030705902,-0.3417863622307775,0,100.29158528645831,0.0440807589329779,98.9696062992126,-0.6866222838802493,8.665819708247517,1.355899244041952,0.142539,0.130334,0.38371684203562395,-0.7467367429632953,-0.08321201689985853,0.865198790953089,-0.9100874235702958,-0.22921728883364526,-0.07795045902844243,0.06213747047520705,-0.6460757271720907,0.6795957184887397,0.02384319394282827,-0.24791013774634402,0.2607723229594301,1,3,133
THA,Thailand,2015,18.46953582763672,2.916123,0.005165,33,78.34292602539062,35.17246627807617,131.98492431640625,67.6366902705865,5688.85335397884,3.93607403286042,15.1473279905178,-11.21125395765738,46.3193962539699,-0.3789220750331878,0,105.95364507039388,0.0266834201368813,52.31654901960784,-0.5098499600908116,8.646263987300964,1.3032205469728686,-0.150804,0.138164,0.3428337896010849,-0.581848146517491,0.17610343346740645,-1.0651753260989296,-0.7519106126182147,-0.2842092980702012,-0.09621962262118813,-0.10246545635837673,0.6197702892068262,0.43749779629873936,-0.035128620706546876,0.21247819693093659,0.1499890274472203,1,3,133
THA,Thailand,2016,19.98579788208008,2.995022,0.005642,29,82.65654754638672,41.248268127441406,143.89060974121094,67.0708839693011,5833.57715617098,2.90326663511656,12.553807307087,-9.65054067197044,45.7149338923838,-0.3692746357992296,0,98.6786880493164,0.0232152248499915,43.638000000000005,-0.3789014579398476,8.671385668570714,1.3360567701708743,0.180583,0.14203,0.3683174311762704,-0.528549893303359,-0.15708074831668867,-1.4242696144027738,-0.6347371998057909,-0.26992299447113555,-0.07275067938476966,0.08302501276279758,0.7527975527278024,0.33549027923302366,0.030579559424170673,0.27726846081648715,0.12356691783171693,1,3,133
THA,Thailand,2017,23.23676300048828,3.145736,0.006363,26,85.95677185058594,40.760284423828125,149.95382690429688,66.6728324663767,6413.09182530343,3.48826255211954,13.8184504872407,-10.33018793512116,47.6577862985132,-0.3278583176434043,0,107.37731170654295,0.0238104355133449,54.1248046875,0.2958228956892415,8.766096777665318,1.437694668605532,0.128044,0.064681,0.44719689787210026,-0.5517598014010882,0.2413056335524858,-0.9903547217944477,-0.030990276979342878,-0.20859209818034294,0.015729451356956924,-0.1331427484458833,0.5464379246139344,0.017099189071486942,-0.059541024079164416,0.24436534476702004,0.007646704308897479,1,3,133
THA,Thailand,2018,25.364147186279297,3.233337,0.006542,26,91.10179138183594,39.19761657714844,155.66355895996094,64.838096899332,7099.77650081458,4.22547410116581,17.1068106280394,-12.881336526873593,51.1007781069847,-0.3447814807295797,0,98.5529073079427,0.0296325676220779,71.335,0.4342439583858455,8.86781858377543,1.4515038668014748,-0.114564,0.120959,0.4579139847655611,-0.6388813533716349,-0.1628413532628588,-0.2782445725806336,0.09286962256028819,-0.2336525769086871,0.11075905020704607,0.10403630415744373,0.1777652690986273,-0.059332670148429835,0.047639678597016975,0.0814012027258747,-0.02716925941444816,1,3,133
THA,Thailand,2019,26.597640991210938,3.280823,0.006679,26,93.1514892578125,38.764984130859375,158.5141143798828,59.5188906218859,7605.69657797759,3.44094593348334,15.5582115743442,-12.11726564086086,48.6312117750796,-0.2470134825756151,0,90.94625282287598,0.0343204368061075,64.30062256809337,-0.0488145355872009,8.936652795236206,1.4232192148125964,0.010154,0.094453,0.4359627411947959,-0.6127883842595481,-0.5112168753969966,-0.5693076007278519,-0.3393736745917349,-0.0888739190671323,0.1750647065104647,0.3132677630807402,0.3488650847967003,0.20796424571329486,0.1365730727206414,0.15209217867512437,0.09066466263167611,1,3,133
THA,Thailand,2020,27.01700210571289,3.296466,0.006668,26,90.84353637695312,37.51470565795898,155.375244140625,51.4944266088919,6985.64393892574,2.65541449875509,13.322189967967,-10.66677546921191,51.2390033904315,-0.2490609164039294,0,77.29380416870117,0.0260544235352426,41.95725490196079,1.642755080402542,8.851612456264517,1.4392825535729992,-0.086208,0.302469,0.44842922873821567,-0.5632542429395884,-1.1364824159371796,-1.4938141849798308,1.1742517709808786,-0.09190583878810209,0.09561911261482202,0.6401285428028505,0.8413971778532328,-0.6614022922843057,0.2870523487424001,0.37730708752723646,-0.2965921198147391,1,3,133
THA,Thailand,2021,21.140783309936523,3.051204,0.00552,31,75.35449981689453,37.118743896484375,133.61402893066406,58.5593891849287,7057.20754802279,3.58403042035946,14.8163921255511,-11.23236170519164,53.4974617478355,-0.2399429803093274,0,82.07023620605469,0.0454797817704578,70.85533596837945,3.060949399439848,8.861804720802564,1.319107692001101,0.134268,0.12046,0.3551635361468768,-0.5825689746690664,-0.9177276390220483,-0.2980917398514034,2.443259553912354,-0.07840364405171517,0.10514083511919933,0.5346396496905378,0.17365899924255018,-1.4233672131731208,0.18988450854841887,0.06167734425471192,-0.505528132666091,1,3,133
THA,Thailand,2022,20.655542373657227,3.027984,0.004967,32,71.33598327636719,36.83085632324219,128.8223876953125,65.3727641914083,6909.35281815827,3.88472768383787,20.1211964486061,-16.23646876476823,57.1245185678327,-0.1846540259818235,0,157.58319346110025,0.0290344501845538,100.93130952380952,2.1971575150332874,8.84063125364294,1.278946206273061,0.006638,0.110409,0.3239948812973612,-0.7534588925148977,2.540673943863645,0.9463686295641772,1.6703340038445316,0.003470391953331511,0.08536035571769769,-1.9142933759849594,-0.7130498595422665,-1.2585280086666757,-0.6202212551205718,-0.23102450460149673,-0.40775663277736396,1,3,133
THA,Thailand,2023,22.457740783691406,3.111635,0.005198,31,75.9388656616211,43.5914192199707,141.98802185058594,65.4445629404008,7195.10130919449,3.86700213725135,18.4207924251689,-14.55379028791755,57.5142566317877,-0.1074814448753993,0,121.7112553914388,0.047092413646169,82.49386454183266,-0.6133767102773175,8.881155699721921,1.3007508129234169,-0.164291,0.117923,0.3409170704667698,-0.6959955362664222,0.897782817480094,0.18347829282866657,-0.8445468966342577,0.11775055443718974,0.1232187265210928,-0.6248528335028375,-0.12770007281053544,0.5878008702251029,-0.21302299747064762,-0.04353513472096094,0.20039135069495997,1,3,133
THA,Thailand,2024,25.343456268310547,3.232521,0.005781,26,80.39808654785156,43.59828567504883,149.33982849121094,70.0497307410759,7346.62022142185,3.42247697644995,16.9016555305963,-13.479178554146351,,-0.1074814448753993,1,134.45275115966797,0.0306681161746382,80.52185039370079,-0.2885998458276854,8.901995652630733,1.4192227048092454,-0.011108,0.112629,0.43286111687390794,-0.6592976181935293,1.481327823992613,0.10188181679925232,-0.5539348393370358,0.11775055443718974,0.14268763334364168,-0.9766359061221334,-0.06717043915297655,0.365207920209323,-0.42274770910318776,-0.029075471312668303,0.15808430823300462,1,3,133
TUR,Turkey,2011,29.753273010253903,3.392939,0.010108,17,49.99135971069336,42.77227020263672,122.51690673828124,23.4903574412774,11373.6355760885,4.75328243521876,8.18981843389925,-3.436535998680489,72.3455243356568,-0.0475110781068605,0,90.0953877766927,0.2987184536953767,111.2642741935484,0.3204653871614673,9.339053287269795,1.5488663444721136,-0.252683,0.266616,0.5334753691814538,-0.3163420537288831,-0.550185459458717,1.3739180489158833,-0.008940045181556087,0.2065570082355152,0.5509915485254069,0.1740467981769397,-0.4346280572492306,0.002828112253162458,0.09284967991229287,-0.2318633632976513,0.0015087282283424352,1,3,137
TUR,Turkey,2012,33.83501434326172,3.521496,0.010773,17,52.75849914550781,42.93059539794922,129.52410888671875,24.9658181147838,11776.7593362033,4.90475359189769,8.72782586895003,-3.823072277052339,76.5045153451191,-0.0699162719150392,0,81.47523371378581,0.3827226758003235,111.57068273092368,-0.2780538635436023,9.373883320564676,1.6089352489312274,0.422338,0.168599,0.5800938375058831,-0.32954224150843625,-0.9449780293641127,1.3865963843623275,-0.5444982385711806,0.173378524994816,0.583530138022775,0.31141017797287457,-0.4569420805702546,0.17943517003614215,0.18064712517867482,-0.2650692850359214,0.10408923636978634,1,3,137
TUR,Turkey,2013,39.61240768432617,3.679142,0.011853,16,56.515663146972656,43.03704071044922,139.1651153564453,24.403259811358,12635.5570016068,6.11133521147795,8.44237457252967,-2.3310393610517206,76.7082026488658,-0.0921326473665727,0,83.03660519917806,0.2246617929389079,108.555,-0.5207854468038104,9.44427010287174,1.7141134081802747,-0.14279,0.303665,0.6617208411864797,-0.2785894182768334,-0.8734691146977848,1.2618157970124662,-0.7616957440086431,0.140479651327465,0.649286222610463,0.24333925254643654,-0.35152852886222186,0.21220037422730773,0.1610226548887172,-0.23261375381975513,0.14041741013377984,1,3,137
TUR,Turkey,2014,45.22523498535156,3.811655,0.013206,15,64.97148895263672,42.17732620239258,152.37405395507812,25.8173246854016,12209.3862327674,4.36813821626103,8.55109113501099,-4.182952918749961,78.733472872237,-0.1350256465375424,0,100.29158528645831,0.2677768984188636,98.9696062992126,-0.6866222838802493,9.409960298254676,1.8683641880612225,0.234512,0.205668,0.7814322819168998,-0.3418321410972782,-0.08321201689985853,0.865198790953089,-0.9100874235702958,0.07696202830124277,0.6172336363060549,0.028444541901901543,-0.29575275518627087,0.31109713258473976,0.022227483286483798,-0.23111075036841788,0.24310134221349752,1,3,137
TUR,Turkey,2015,49.37408447265625,3.899426,0.013808,15,66.15486907958984,38.93629837036133,154.4652557373047,25.280784580735,11064.6494504662,3.26418101924191,7.12764638362474,-3.8634653643828303,80.4443196769827,-0.2972703153888376,0,105.95364507039388,0.4139356439312299,52.31654901960784,-0.5098499600908116,9.31151057104938,1.922807062012216,-0.178232,0.222369,0.8236844824127957,-0.33092166271051404,0.17610343346740645,-1.0651753260989296,-0.7519106126182147,-0.16329619362989226,0.525260848553027,-0.05827644101206453,0.35248958999087177,0.24882351013730084,-0.04800140015188219,0.29034020548752976,0.20495206415957765,1,3,137
TUR,Turkey,2016,54.48054885864258,3.997844,0.015381,15,65.02720642089844,38.83536911010742,158.34312438964844,23.6322024334399,10984.3643169061,2.13742856858285,6.02324480176486,-3.88581623318201,77.2878181142887,-0.4946756309363988,0,98.6786880493164,0.4967547158400218,43.638000000000005,-0.3789014579398476,9.304228114860807,2.003280456171787,0.085618,0.207393,0.8861385326467365,-0.3316849433692612,-0.15708074831668867,-1.4242696144027738,-0.6347371998057909,-0.455621670016928,0.5184575001196111,0.05210131910982205,0.47240878639574346,0.21053277217194719,0.04616898646493708,0.41861962878614967,0.18656120180649896,1,3,137
TUR,Turkey,2017,60.55335235595703,4.103525,0.016582,14,58.99906539916992,44.51815032958984,164.07057189941406,26.5394989930636,10756.3877677883,2.75372472293348,7.10345010319205,-4.349725380258571,79.1725104847079,-0.4934634786720073,0,107.37731170654295,0.3276424668729305,54.1248046875,0.2958228956892415,9.283255068039434,2.1244664245157265,0.389338,0.157609,0.9801889282295723,-0.34752740938527626,0.2413056335524858,-0.9903547217944477,-0.030990276979342878,-0.4538266677538987,0.4988642555409435,-0.08386032169856819,0.3441754108377004,0.010769970674763195,-0.0821989588467067,0.3373569270719783,0.01055660601276006,1,3,137
TUR,Turkey,2018,70.96444702148438,4.262179,0.018304,12,62.89868927001953,43.98035430908203,177.84349060058594,31.7278536539697,9684.11819884721,3.12270042185464,8.95585881800513,-5.833158396150489,75.8316479912546,-0.4924549007167424,0,98.5529073079427,0.3809022655089696,71.335,0.4342439583858455,9.178242523564546,2.3201402816988708,-0.233996,0.221294,1.1320481238508318,-0.39818654660945335,-0.1628413532628588,-0.2782445725806336,0.09286962256028819,-0.45233312625311156,0.4007604137267955,0.06484123610094779,0.11079324546870589,-0.03697943429220454,0.07340339967624676,0.12542328566819316,-0.04186249921155526,1,3,137
TUR,Turkey,2019,77.7587890625,4.353612,0.019526,12,64.27660369873047,55.65171432495117,197.68711853027344,33.0298811646869,9395.23378001368,4.49416367984142,7.20190468630014,-2.70774100645872,72.1973632944636,-0.4876718797410528,0,90.94625282287598,0.3571335809926192,64.30062256809337,-0.0488145355872009,9.147957794988075,2.394134425110789,0.226092,0.207376,1.1894737363520502,-0.2914537540053817,-0.5112168753969966,-0.5693076007278519,-0.3393736745917349,-0.4452502425860262,0.3724680964945347,0.14899607744535612,0.16592683741592942,0.09891173147036196,0.17722692094072717,0.19736561526220472,0.11765290680110212,1,3,137
TUR,Turkey,2020,82.55448150634766,4.413458,0.020377,11,67.41812133789062,45.73870468139648,195.7113037109375,28.7400043468285,8798.11791709313,2.69239035084596,4.96430454961941,-2.27191419877345,71.3330026792086,-0.494746771020193,0,77.29380416870117,0.2720614975939194,41.95725490196079,1.642755080402542,9.082293104534594,2.4441866505509946,0.25506,0.266975,1.2283184282481647,-0.2765702979814315,-1.1364824159371796,-1.4938141849798308,1.1742517709808786,-0.4557270170225426,0.31112344060379266,0.31431728042640295,0.413144634268761,-0.3247631622054053,0.3860817078645969,0.5074731678041674,-0.3989125769530472,1,3,137
TUR,Turkey,2021,75.43994140625,4.323337,0.019698,12,53.63404846191406,45.13034439086914,174.204345703125,35.0536332850518,9981.76398411336,3.69000155336288,6.41428113277134,-2.72427957940846,72.1247121502374,-0.5097470420102276,0,82.07023620605469,0.1915349687139193,70.85533596837945,3.060949399439848,9.208515105601895,2.4176795495380494,0.229529,0.262277,1.2077467121486056,-0.2920185451537364,-0.9177276390220483,-0.2980917398514034,2.443259553912354,-0.47794000227541433,0.4290413835323426,0.2679934899945919,0.08704831619375289,-0.7134771003664525,0.3236682564181986,0.10513231768107728,-0.8616996221609037,1,3,137
TUR,Turkey,2022,88.35806274414062,4.481397,0.021247,11,64.76619720458984,44.25149917602539,197.37576293945312,38.1412107474416,10897.8397861365,6.32564856668837,8.7209870625572,-2.3953384958688293,72.704129716299,-0.5551183770100275,0,157.58319346110025,0.4452021792531013,100.93130952380952,2.1971575150332874,9.29631986381792,2.5050563277150526,1.08708,0.287272,1.2755583628256688,-0.2807852293847164,2.540673943863645,0.9463686295641772,1.6703340038445316,-0.5451276414802805,0.5110695274424666,-0.7133837161195257,-0.2657263327346772,-0.46900511641857856,-0.9099625649999138,-0.3389494459427138,-0.5982433984557443,1,3,137
TUR,Turkey,2023,94.30548858642578,4.546539,0.021827,10,77.92457580566406,56.9414176940918,229.17149353027344,31.9135926809724,13375.0947282864,6.36477511937887,8.31796413925205,-1.95318901987318,71.9928600541247,-0.5605901951591182,0,121.7112553914388,0.3147760654489199,82.49386454183266,-0.6133767102773175,9.501149654227827,2.423785734617129,0.304502,0.375915,1.2124856198789093,-0.2656858546653299,0.897782817480094,0.18347829282866657,-0.8445468966342577,-0.5532305228170842,0.7024237076280894,-0.23852819516604667,-0.04874758704271995,0.2243841640372248,-0.2892120065745016,-0.05910574829309338,0.2720625722236854,1,3,137
TUR,Turkey,2024,93.53514099121094,4.538337,0.021336,10,78.19221496582031,56.8924446105957,228.6197967529297,27.5682232095509,15892.7157287241,6.16442555598186,8.64780686121678,-2.4833813052349205,,-0.5605901951591182,1,134.45275115966797,0.3185421340167522,80.52185039370079,-0.2885998458276854,9.673616152965664,2.3312226598275725,0.274578,0.230627,1.1406489714674863,-0.28379188537355937,1.481327823992613,0.10188181679925232,-0.5539348393370358,-0.5532305228170842,0.863543754714108,-0.42038881602717576,-0.02891323287474339,0.1572022124295571,-0.47951607061783236,-0.03297984934037596,0.17931254192018758,1,3,137
VNM,Vietnam,2011,5.104327201843262,1.630089,0.001734,56,22.21560287475586,0.0,27.319929122924805,61.1801557211956,1950.92504174913,11.3593523993831,11.7386877686829,-0.3793353692997989,-9.67986967598824,-0.5409858077764519,0,90.0953877766927,0.0107497058925218,111.2642741935484,0.3204653871614673,7.576058919459159,0.7641071419325233,,,-0.07556307350893238,-0.2119388588785124,-0.550185459458717,1.3739180489158833,-0.008940045181556087,-0.524199582768597,-1.0960166393419686,0.11660567844923053,-0.2911866234798245,0.0018947429741013404,-0.008811083452218139,0.022002956234823793,-0.00014317260263255275,0,3,147
VNM,Vietnam,2012,5.326705932617188,1.672733,0.001696,57,26.309064865112305,2.394695997238159,34.03046798706055,63.4739249038633,2185.11767654291,9.91288499039707,10.0651148123985,-0.1522298220014306,-11.5275567021365,-0.5274175653855013,0,81.47523371378581,0.0128876403129349,111.57068273092368,-0.2780538635436023,7.689424962620857,0.6939754885417945,,,-0.12999107234751445,-0.20418321978884144,-0.9449780293641127,1.3865963843623275,-0.5444982385711806,-0.5041072012151036,-0.9901088697412564,0.19294865666527888,-0.283119714306666,0.1111774035208164,-0.025081602787931992,0.03680303526544544,-0.014452069904483252,0,3,147
VNM,Vietnam,2013,5.958150863647461,1.78476,0.001783,54,30.2802791595459,2.3665928840637207,38.60502624511719,66.8004459919109,2359.51736472828,7.33546515638199,7.66384307688665,-0.3283779205046597,-7.96659861783875,-0.502002644042174,0,83.03660519917806,0.0151049569249153,108.555,-0.5207854468038104,7.766212370634288,0.7476357314431388,,,-0.08834625867057785,-0.21019866544648555,-0.8734691146977848,1.2618157970124662,-0.7616957440086431,-0.46647179626960084,-0.9183732521849226,0.18360204221819756,-0.2652319965713139,0.16010742886688467,-0.016220553514255238,0.02343225457680312,-0.014144892325754936,0,3,147
VNM,Vietnam,2014,6.560295104980469,1.881036,0.001916,51,33.68471908569336,2.3388020992279053,42.58381652832031,69.5985759502054,2546.38464459903,6.14993473897265,7.00470151220856,-0.8547667732359097,-0.423015509753411,-0.4741818401962514,0,100.29158528645831,0.0221337753658493,98.9696062992126,-0.6866222838802493,7.842429845710551,0.8022927811377747,,,-0.04592783997558619,-0.22817480918746616,-0.08321201689985853,0.865198790953089,-0.9100874235702958,-0.4252736668516007,-0.8471700720720605,0.01898688607822943,-0.1974165690349475,0.20765902421706495,-0.0008720266654356066,0.009066916591166334,-0.009537330433727736,0,3,147
VNM,Vietnam,2015,7.173426151275635,1.970383,0.002006,50,36.63658905029297,2.3160550594329834,46.12607192993164,72.9228518369495,2577.56885340113,3.08352977817506,4.7323217637881,-1.6487919856130402,8.2509798159245,-0.4250046114126849,0,105.95364507039388,0.022653628528739,52.31654901960784,-0.5098499600908116,7.854601928784033,0.787696748444821,,,-0.057255575912937035,-0.25529071652021773,0.17610343346740645,-1.0651753260989296,-0.7519106126182147,-0.35245011196568,-0.8357987819241947,-0.044957571711564684,0.27192937221945235,0.1919557990544599,0.0025740716599928024,-0.015569472814068164,-0.010990539824691115,0,3,147
VNM,Vietnam,2016,8.820381164550781,2.177065,0.00249,49,41.0546760559082,2.296107053756714,52.171165466308594,74.1072862556183,2735.0604380416,2.02635621812933,4.40457633094147,-2.3782201128121403,16.0161241734677,-0.3485463311274852,0,98.6786880493164,0.02555516998594,43.638000000000005,-0.3789014579398476,7.913908812616166,0.9264184286542712,,,0.0504039912622501,-0.28020063776039994,-0.15708074831668867,-1.4242696144027738,-0.6347371998057909,-0.2392277139461114,-0.7803936569550645,0.04401412585821703,0.3990812542984161,0.177853768195833,0.0022184876151731476,0.020115288054585175,0.008964539778101022,0,3,147
VNM,Vietnam,2017,12.897650718688965,2.557045,0.003532,45,43.99561309814453,2.269615888595581,59.16288375854492,81.7625218355655,2956.10992127753,2.25277351299626,5.16322751906425,-2.91045400606799,18.9278038893355,-0.3762852189441514,0,107.37731170654295,0.0259819704418381,54.1248046875,0.2958228956892415,7.991629467194556,1.2700470018174603,,,0.31708835811766145,-0.29837638924021637,0.2413056335524858,-0.9903547217944477,-0.030990276979342878,-0.28030453891894164,-0.7077861904797266,-0.07199990364271351,0.2954984659560263,0.009246766946650527,-0.02283033123069786,0.09369912339628406,0.0029320421490100774,0,3,147
VNM,Vietnam,2018,16.833654403686523,2.82338,0.004342,37,49.36573791503906,2.2484030723571777,68.44779968261719,84.4234560833365,3222.31003125366,1.6139127032886,6.32799193461633,-4.71407923132773,26.8530098738827,-0.3948927000164979,0,98.5529073079427,0.0220709757413715,71.335,0.4342439583858455,8.07785378233981,1.4710521308761135,,,0.4730850643410412,-0.35997006877180204,-0.1628413532628588,-0.2782445725806336,0.09286962256028819,-0.3078592212928613,-0.6272345133839864,0.0586180131329246,0.10015971792723134,-0.03343028441983824,0.02773130651453363,0.04738406659998478,-0.01581536825569848,0,3,147
VNM,Vietnam,2019,14.754995346069336,2.691582,0.003705,43,51.817474365234375,4.43405818939209,71.00653076171875,85.1575874073411,3440.90025375434,1.37705086993892,6.12713639752046,-4.750085527581541,39.207047800102,-0.3848099168390029,0,90.94625282287598,0.0596009309714039,64.30062256809337,-0.0488145355872009,8.143488417802308,1.2697039464448692,,,0.3168221186021472,-0.36119968135512415,-0.5112168753969966,-0.5693076007278519,-0.3393736745917349,-0.29292824343396834,-0.5659179351871605,0.18465137249675737,0.20563372397595037,0.12258166312285224,0.058501639037216925,0.06514931208610975,0.038836582212356745,0,3,147
VNM,Vietnam,2020,16.36527442932129,2.795162,0.004039,41,55.72151947021485,4.493357181549072,76.58015441894531,84.381598008957,3534.03953482647,0.94849894404578,4.93625810516018,-3.9877591611144,46.4252856536063,-0.3371638103077807,0,77.29380416870117,0.023864950868301,41.95725490196079,1.642755080402542,8.170196839808145,1.3107640628607509,,,0.3486881856424416,-0.3351662874676034,-1.1364824159371796,-1.4938141849798308,1.1742517709808786,-0.2223720339869576,-0.5409666417900868,0.38091059212187717,0.5006761545461337,-0.3935696066319196,0.13281902325896544,0.17457985992312602,-0.13723307206049348,0,3,147
VNM,Vietnam,2021,15.592963218688965,2.74682,0.004071,39,53.71866989135742,0.1633629947900772,69.4749984741211,93.8502071275575,3704.1935590038,0.979644882422729,4.94519642383979,-3.965551541417061,33.9749706257745,-0.3446897032360239,0,82.07023620605469,0.0598587763185302,70.85533596837945,3.060949399439848,8.21722085115122,1.3684558856844586,,,0.39346184081566404,-0.33440789875600163,-0.9177276390220483,-0.2980917398514034,2.443259553912354,-0.23351666922326894,-0.49703630762538303,0.3068953713956696,0.09968423236022848,-0.8170452935393562,0.12075161776714705,0.03922194156475189,-0.32147614522576967,0,3,147
VNM,Vietnam,2022,15.129307746887209,2.716634,0.003638,43,51.79651641845703,0.5869150161743164,67.51274108886719,93.420129043511,4147.69777213621,1.16704384704007,7.47833668540548,-6.31129283836541,33.9991947830939,-0.3389307148754605,0,157.58319346110025,0.0641801301389932,100.93130952380952,2.1971575150332874,8.330308705589859,1.2513034459104848,,,0.30254179904180445,-0.4145148054929241,2.540673943863645,0.9463686295641772,1.6703340038445316,-0.22498853505758343,-0.39138842490407055,-1.053146965661579,-0.39228380840840005,-0.692378174711833,-0.3186209776466716,-0.11868224913084789,-0.20947333859459877,0,3,147
VNM,Vietnam,2023,15.63505744934082,2.749516,0.003619,44,64.39591217041016,0.5732280015945435,80.60419464111328,86.4674192371297,4323.35031982451,0.952923330798285,7.87575327181325,-6.922829941014965,,-0.3392769054820144,0,121.7112553914388,0.0771627961657941,82.49386454183266,-0.6133767102773175,8.371785917661148,1.2257946493720075,,,0.2827448502855185,-0.43539875621325547,0.897782817480094,0.18347829282866657,-0.8445468966342577,-0.225501187585206,-0.3526399699239455,-0.3908935220804651,-0.07988622048973289,0.3677146683583207,-0.11052313037822012,-0.022587417452245444,0.10396942885276246,0,3,147
VNM,Vietnam,2024,16.925687789916992,2.828832,0.003861,41,61.54651641845703,0.5553799867630005,79.027587890625,90.1542210476659,4717.29028732449,,,,,-0.3392769054820144,1,134.45275115966797,0.0645981575362384,80.52185039370079,-0.2885998458276854,8.458989822057342,1.2668299686122009,,,0.3145916726540518,,1.481327823992613,0.10188181679925232,-0.5539348393370358,-0.225501187585206,-0.2711731500764743,,,,,,,0,3,147
ZAF,South Africa,2011,22.05694580078125,3.093628,0.007494,24,41.98475646972656,12.18188190460205,76.22358703613281,27.6981484703752,8646.05571071635,10.535512006307,20.7844157465864,-10.2489037402794,-11.5550577098989,0.2340441649624457,0,90.0953877766927,0.0630715540610253,111.2642741935484,0.3204653871614673,9.064858508731724,1.383323339180638,,,0.40500022188183327,-0.5489839516414214,-0.550185459458717,1.3739180489158833,-0.008940045181556087,0.6234949733110933,0.2948358547987714,0.30204298766929755,-0.7542589597253134,0.00490794133162351,0.12232747702391733,-0.30547504604511266,0.001987717328290542,1,3,122
ZAF,South Africa,2012,24.19088363647461,3.185976,0.007702,22,45.12126922607422,11.847089767456056,81.15924072265625,27.1391491937679,8076.97678479741,11.4220012610139,22.0094805710983,-10.5874793100844,-18.0622557556805,0.1709695256625612,0,81.47523371378581,0.0452303467318415,111.57068273092368,-0.2780538635436023,8.996772921202362,1.4648873567585006,,0.112464,0.4683006866415142,-0.5605462844651874,-0.9449780293641127,1.3865963843623275,-0.5444982385711806,0.5300915918968943,0.2312295709761649,0.5297039232612881,-0.7772514513071656,0.3052164645289145,0.24806071097996518,-0.36398738834025907,0.14293307991318602,1,3,122
ZAF,South Africa,2013,23.10065078735352,3.139861,0.006912,24,45.23038864135742,11.485174179077148,79.81621551513672,28.379280320361,7331.65467384919,10.704185952183,21.5973569454151,-10.8931709932321,-18.68910274231,0.2063482658316693,0,83.03660519917806,0.0503848080212871,108.555,-0.5207854468038104,8.89995650935741,1.4537198939455716,0.164239,0.147366,0.45963380622981753,-0.5709856347823016,-0.8734691146977848,1.2618157970124662,-0.7616957440086431,0.5824818076579077,0.14078264389573455,0.4987383169184496,-0.7204786938354988,0.4349173279037526,0.22923699091788,-0.33115636435509765,0.19990270681970343,1,3,122
ZAF,South Africa,2014,23.49457550048828,3.15677,0.00686,25,45.20960235595703,11.481378555297852,80.18555450439453,29.0006193033471,6856.73137092522,10.1834786043196,23.3510201267482,-13.1675415224286,-12.7792229481547,0.1532828932007153,0,100.29158528645831,0.0432853211338321,98.9696062992126,-0.6866222838802493,8.832986130627399,1.510539197572036,0.073228,0.130273,0.5037303139017595,-0.6486552346246071,-0.08321201689985853,0.865198790953089,-0.9100874235702958,0.5039005379946713,0.07821820005699294,0.0539759103457645,-0.5612157247426023,0.5903329712648944,0.02718930226160518,-0.2827013731911945,0.2973686129218236,1,3,122
ZAF,South Africa,2015,19.291597366333008,2.95967,0.005395,30,46.212833404541016,11.54304313659668,77.04747772216797,27.7136384124829,6112.27382485974,9.75395048126192,15.6930175984679,-5.93906711720598,-17.6657935079825,0.1114783082157373,0,105.95364507039388,0.0497832021986444,52.31654901960784,-0.5098499600908116,8.718054131030598,1.282850002145211,0.018378,0.169127,0.3270245517374927,-0.4018033222748926,0.17610343346740645,-1.0651753260989296,-0.7519106126182147,0.4419946810677757,-0.029152502788174727,-0.07075894463121943,0.42799098483179204,0.3021201822037485,-0.023139912149442596,0.1399635599623048,0.09880071715603046,1,3,122
ZAF,South Africa,2016,19.0444564819336,2.946776,0.005377,33,47.04160690307617,11.361790657043455,77.4478530883789,28.1560881698955,5651.20585165749,9.83410485960525,13.4909050922564,-3.6568002326511504,-14.3066269248334,0.1301695664102833,0,98.6786880493164,0.0339390772860497,43.638000000000005,-0.3789014579398476,8.639624226440718,1.279394727484923,-0.000794,0.169731,0.32434297108019133,-0.3238640624308324,-0.15708074831668867,-1.4242696144027738,-0.6347371998057909,0.4696734238657491,-0.10242255820735598,0.05087280927951793,0.4612697433172775,0.2055685681050744,0.016500238108914773,0.149609599016923,0.06667472013990049,1,3,122
ZAF,South Africa,2017,19.681133270263672,2.97966,0.00539,32,48.38870620727539,9.416058540344238,77.48590087890625,27.3400757812216,6618.33508255701,12.0071561154403,14.7325930310396,-2.725436915599301,-15.4268438091069,0.0451872547467549,0,107.37731170654295,0.0438638414877156,54.1248046875,0.2958228956892415,8.797599119196931,1.235485701633665,0.161046,0.101622,0.290265913254096,-0.2920580681064267,0.2413056335524858,-0.9903547217944477,-0.030990276979342878,0.34382830833476874,0.045159275630300616,-0.07047525715853634,0.2892410867873641,0.00905096042466995,-0.020456564880939818,0.08395682820694149,0.002627185293493504,1,3,122
ZAF,South Africa,2018,20.64388656616211,3.027419,0.005325,32,62.47012710571289,9.28335666656494,92.39736938476562,27.4970371508423,6914.1780318076,10.9922042428029,18.5563603959241,-7.564156153121198,-17.0816213484132,0.0173217592140037,0,98.5529073079427,0.0527882039314135,71.335,0.4342439583858455,8.84132936961601,1.2413550567914535,-0.12074,0.171659,0.2948210212583453,-0.4573000030080205,-0.1628413532628588,-0.2782445725806336,0.09286962256028819,0.30256399772703474,0.0860125431238077,0.07446735133693547,0.12724124387808913,-0.04246927867617352,0.02195454057155932,0.03751339346632042,-0.012520836111414744,1,3,122
ZAF,South Africa,2019,21.12676239013672,3.050541,0.005305,32,56.14241409301758,9.191971778869627,86.46115112304688,27.2021294051151,6533.71121032856,10.050875262098,16.8908744466706,-6.839999184572601,-13.2803829153548,0.0462605565165478,0,90.94625282287598,0.0291567642707377,64.30062256809337,-0.0488145355872009,8.784730393193524,1.2600225428197365,0.079211,0.127791,0.30930854377839684,-0.4325700914794635,-0.5112168753969966,-0.5693076007278519,-0.3393736745917349,0.34541769537985145,0.033137174208981234,0.2211371305563243,0.2462654409268008,0.14680290146386846,0.06839960382770989,0.07617200491601357,0.04540739167423263,1,3,122
ZAF,South Africa,2020,20.6629581451416,3.028343,0.0051,33,49.80621337890625,8.817333221435547,79.28650665283203,27.5759141603963,5580.60383075189,8.10609432073402,13.9601687481702,-5.854074427436181,-19.0992444990468,0.0334977339953184,0,77.29380416870117,0.0359166681688899,41.95725490196079,1.642755080402542,8.627052262917106,1.278051011126355,0.039915,0.299255,0.3233001353723826,-0.3989008276640987,-1.1364824159371796,-1.4938141849798308,1.1742517709808786,0.32651801092498844,-0.1141674209471464,0.4533437763430354,0.5958837147648255,-0.46841000333030614,0.1465661042619305,0.1926492856496663,-0.15143701748646615,1,3,122
ZAF,South Africa,2021,18.08660888671875,2.895172,0.004723,33,51.778907775878906,8.246889114379883,78.1124038696289,31.1916105051608,6828.75624590017,8.68304384294431,16.5872059557308,-7.904162112786489,-9.88306279514187,-0.0162856870641311,0,82.07023620605469,0.0515271324353913,70.85533596837945,3.060949399439848,8.828897834357164,1.16940454954623,0.21569,0.158279,0.23898144047789108,-0.46891118354883227,-0.9177276390220483,-0.2980917398514034,2.443259553912354,0.2527967829174595,0.07439886997038259,0.4303327533893042,0.1397785505398522,-1.145671729142034,0.10284154128979299,0.033404479355925575,-0.27379428014515955,1,3,122
ZAF,South Africa,2022,18.6179141998291,2.924124,0.004477,34,47.51147079467773,10.97458267211914,77.10396575927734,33.5394403164272,6534.24867783397,14.3272920099043,22.8249151743158,-8.497623164411502,-14.1484249128245,-0.0902641937136649,0,157.58319346110025,0.0585706277439991,100.93130952380952,2.1971575150332874,8.784812650486982,1.2004188579444584,-0.009006,0.211013,0.2630511245629572,-0.489177838348476,2.540673943863645,0.9463686295641772,1.6703340038445316,0.14324653023687195,0.03321401985200284,-1.242841387807515,-0.46294256049101384,-0.817090377320623,-0.32693082471615326,-0.12177756114521604,-0.21493654262376088,1,3,122
ZAF,South Africa,2023,19.219724655151367,2.955937,0.004448,35,46.41093444824219,9.898906707763672,75.5295639038086,33.2538127556816,6034.27208964673,10.7279305896972,21.0331701787206,-10.3052395890234,-12.5072996086864,-0.099971638371547,0,121.7112553914388,0.0958502351616819,82.49386454183266,-0.6133767102773175,8.705210511451236,1.2397582007785644,0.051292,0.162076,0.2935817281144822,-0.5509078170681638,0.897782817480094,0.18347829282866657,-0.8445468966342577,0.12887136827000756,-0.041151149519719696,-0.49459557217926436,-0.10107962578163404,0.46526748723647116,-0.14520422279815953,-0.029675131214137288,0.136594032938366,1,3,122
ZAF,South Africa,2024,19.190547943115234,2.954418,0.004377,36,37.39115905761719,8.103644371032715,64.68534851074219,31.7919070646303,6267.186814093,9.60851603889865,19.4234393329532,-9.814923294054552,,-0.099971638371547,1,134.45275115966797,0.1289473824823896,80.52185039370079,-0.2885998458276854,8.743082858954319,1.226619890075443,0.089532,0.124353,0.2833853057414578,-0.5341635487365449,1.481327823992613,0.10188181679925232,-0.5539348393370358,0.12887136827000756,-0.005770397561449591,-0.7912713273060782,-0.05442155281321516,0.2958917995490789,-0.22423466701308212,-0.015422268382897873,0.08385138808160587,1,3,122
